id,name,description,location,phone,email,category,status,area,opening_date,region_id,created_by,updated_by,is_deleted,created_at,updated_at,map_url
00b53132-d4e9-4fd1-8346-1bd7645fed1e,كارفور-ميجا مول,فرع تجاري,كارفور-ميجا مول,01000000000,branch@test.com,retail,active,100.0,2022-01-01 00:00:00,7275b3f6-1e72-42d6-a80e-cd147ad02b17,9cd43b8c-5f85-4ffa-98fa-3b9a94d110c4,edb76caa-5ef3-4bfc-8753-cf745e5e63f6,false,2025-04-06 20:32:29.99007,2025-04-06 20:32:29.990572,https://maps.google.com/?q=كارفور-ميجا+مول+City57
020222a5-076c-4e0b-acc3-9b4dc784fad9,شيراتون الغردقة,فرع تجاري,شيراتون الغردقة,01000000000,branch@test.com,retail,active,100.0,2022-01-01 00:00:00,7275b3f6-1e72-42d6-a80e-cd147ad02b17,9cd43b8c-5f85-4ffa-98fa-3b9a94d110c4,edb76caa-5ef3-4bfc-8753-cf745e5e63f6,false,2025-04-06 20:32:29.99007,2025-04-06 20:32:29.990572,https://maps.google.com/?q=شيراتون+الغردقة+City39
0204cb25-cb10-4c07-afc7-6e7fe0de933b,كارفور-المحافظة,فرع تجاري,كارفور-المحافظة,01000000000,branch@test.com,retail,active,100.0,2022-01-01 00:00:00,7275b3f6-1e72-42d6-a80e-cd147ad02b17,9cd43b8c-5f85-4ffa-98fa-3b9a94d110c4,edb76caa-5ef3-4bfc-8753-cf745e5e63f6,false,2025-04-06 20:32:29.99007,2025-04-06 20:32:29.990572,https://maps.google.com/?q=كارفور-المحافظة+City13
02b3ba8e-1b46-45eb-886e-582148afa6ca,مترو ماركت-شيراتون الغردقة,فرع تجاري,مترو ماركت-شيراتون الغردقة,01000000000,branch@test.com,retail,active,100.0,2022-01-01 00:00:00,7275b3f6-1e72-42d6-a80e-cd147ad02b17,9cd43b8c-5f85-4ffa-98fa-3b9a94d110c4,edb76caa-5ef3-4bfc-8753-cf745e5e63f6,false,2025-04-06 20:32:29.99007,2025-04-06 20:32:29.990572,https://maps.google.com/?q=مترو+ماركت-شيراتون+الغردقة+City51
031ae294-7e67-496d-9040-15be7bfd70f1,الشيخ زايد 3,فرع تجاري,أركان بلازا,01000000000,branch@test.com,retail,active,100.0,2022-01-01 00:00:00,7275b3f6-1e72-42d6-a80e-cd147ad02b17,9cd43b8c-5f85-4ffa-98fa-3b9a94d110c4,edb76caa-5ef3-4bfc-8753-cf745e5e63f6,false,2025-04-06 20:32:29.99007,2025-04-06 20:32:29.990572,https://maps.google.com/?q=الشيخ+زايد+3+City30
040efe8a-bac3-4e2b-92bf-31bbd2712281,القاهرة الجديدة 2,فرع تجاري,الممر المائي 1,01000000000,branch@test.com,retail,active,100.0,2022-01-01 00:00:00,7275b3f6-1e72-42d6-a80e-cd147ad02b17,9cd43b8c-5f85-4ffa-98fa-3b9a94d110c4,edb76caa-5ef3-4bfc-8753-cf745e5e63f6,false,2025-04-06 20:32:29.99007,2025-04-06 20:32:29.990572,https://maps.google.com/?q=القاهرة+الجديدة+2+City41
05f6ff3f-9019-46d6-a561-fbf8f19728eb,مترو ماركت-الكوربة,فرع تجاري,مترو ماركت-الكوربة,01000000000,branch@test.com,retail,active,100.0,2022-01-01 00:00:00,7275b3f6-1e72-42d6-a80e-cd147ad02b17,9cd43b8c-5f85-4ffa-98fa-3b9a94d110c4,edb76caa-5ef3-4bfc-8753-cf745e5e63f6,false,2025-04-06 20:32:29.99007,2025-04-06 20:32:29.990572,https://maps.google.com/?q=مترو+ماركت-الكوربة+City75
07a342e9-62be-4563-84d7-66b5b4fa19df,حلوان,فرع تجاري,حلوان,01000000000,branch@test.com,retail,active,100.0,2022-01-01 00:00:00,7275b3f6-1e72-42d6-a80e-cd147ad02b17,9cd43b8c-5f85-4ffa-98fa-3b9a94d110c4,edb76caa-5ef3-4bfc-8753-cf745e5e63f6,false,2025-04-06 20:32:29.99007,2025-04-06 20:32:29.990572,https://maps.google.com/?q=حلوان+City84
08fbbb00-c43e-4da0-a120-1fcad9667ec7,ميامي,فرع تجاري,ميامي,01000000000,branch@test.com,retail,active,100.0,2022-01-01 00:00:00,7275b3f6-1e72-42d6-a80e-cd147ad02b17,9cd43b8c-5f85-4ffa-98fa-3b9a94d110c4,edb76caa-5ef3-4bfc-8753-cf745e5e63f6,false,2025-04-06 20:32:29.99007,2025-04-06 20:32:29.990572,https://maps.google.com/?q=ميامي+City82
0a694463-81fc-4240-91ce-be2582dd5be5,ليك هاوس,فرع تجاري,ليك هاوس,01000000000,branch@test.com,retail,active,100.0,2022-01-01 00:00:00,7275b3f6-1e72-42d6-a80e-cd147ad02b17,9cd43b8c-5f85-4ffa-98fa-3b9a94d110c4,edb76caa-5ef3-4bfc-8753-cf745e5e63f6,false,2025-04-06 20:32:29.99007,2025-04-06 20:32:29.990572,https://maps.google.com/?q=ليك+هاوس+City69
0c877774-69f0-4ebf-a4db-4b6c0548d697,مهندسين أسوان,فرع تجاري,مهندسين أسوان,01000000000,branch@test.com,retail,active,100.0,2022-01-01 00:00:00,7275b3f6-1e72-42d6-a80e-cd147ad02b17,9cd43b8c-5f85-4ffa-98fa-3b9a94d110c4,edb76caa-5ef3-4bfc-8753-cf745e5e63f6,false,2025-04-06 20:32:29.99007,2025-04-06 20:32:29.990572,https://maps.google.com/?q=مهندسين+أسوان+City11
0d5e6da2-d11a-42eb-b3e8-f7ddb7bac6c0,الشيخ زايد 5,فرع تجاري,كابيتال بيزنس بارك,01000000000,branch@test.com,retail,active,100.0,2022-01-01 00:00:00,7275b3f6-1e72-42d6-a80e-cd147ad02b17,9cd43b8c-5f85-4ffa-98fa-3b9a94d110c4,edb76caa-5ef3-4bfc-8753-cf745e5e63f6,false,2025-04-06 20:32:29.99007,2025-04-06 20:32:29.990572,https://maps.google.com/?q=الشيخ+زايد+5+City78
0d6a0cea-53e7-4a27-9c61-8fc238134425,أوسكار جراند ستورز -المعادي,فرع تجاري,شارع الزهراء الرئيسي ف زهراء المعادي برج ريحانه بلازا بجوار فودافون,01000000000,branch@test.com,retail,active,100.0,2022-01-01 00:00:00,7275b3f6-1e72-42d6-a80e-cd147ad02b17,9cd43b8c-5f85-4ffa-98fa-3b9a94d110c4,edb76caa-5ef3-4bfc-8753-cf745e5e63f6,false,2025-04-06 20:32:29.99007,2025-04-06 20:32:29.990572,https://maps.google.com/?q=أوسكار+جراند+ستورز+-المعادي+City79
0fbc0ce3-c7fb-4847-8835-8647ab55606b,أسيوط 2,فرع تجاري,13- ابراج عثمان بن عفان - شارع الجمهوريه - امام بنك القاهره,01000000000,branch@test.com,retail,active,100.0,2022-01-01 00:00:00,7275b3f6-1e72-42d6-a80e-cd147ad02b17,9cd43b8c-5f85-4ffa-98fa-3b9a94d110c4,edb76caa-5ef3-4bfc-8753-cf745e5e63f6,false,2025-04-06 20:32:29.99007,2025-04-06 20:32:29.990572,https://maps.google.com/?q=أسيوط+2+City5
101ed69b-cc2d-40f0-91c6-87d74308d182,كارفور-العجمي,فرع تجاري,كارفور-العجمي,01000000000,branch@test.com,retail,active,100.0,2022-01-01 00:00:00,7275b3f6-1e72-42d6-a80e-cd147ad02b17,9cd43b8c-5f85-4ffa-98fa-3b9a94d110c4,edb76caa-5ef3-4bfc-8753-cf745e5e63f6,false,2025-04-06 20:32:29.99007,2025-04-06 20:32:29.990572,https://maps.google.com/?q=كارفور-العجمي+City52
102884ce-7abc-4aa8-8bc1-fe50635d494b,وسط البلد,فرع تجاري,وسط البلد,01000000000,branch@test.com,retail,active,100.0,2022-01-01 00:00:00,7275b3f6-1e72-42d6-a80e-cd147ad02b17,9cd43b8c-5f85-4ffa-98fa-3b9a94d110c4,edb76caa-5ef3-4bfc-8753-cf745e5e63f6,false,2025-04-06 20:32:29.99007,2025-04-06 20:32:29.990572,https://maps.google.com/?q=وسط+البلد+City91
1050b814-852f-49a8-bd52-fe00434e9ec0,وطنية - الرحاب,فرع تجاري,وطنية - الرحاب,01000000000,branch@test.com,retail,active,100.0,2022-01-01 00:00:00,7275b3f6-1e72-42d6-a80e-cd147ad02b17,9cd43b8c-5f85-4ffa-98fa-3b9a94d110c4,edb76caa-5ef3-4bfc-8753-cf745e5e63f6,false,2025-04-06 20:32:29.99007,2025-04-06 20:32:29.990572,https://maps.google.com/?q=وطنية+-+الرحاب+City36
11bd07d5-cf61-4352-929a-ca63fb0b93e1,أركان,فرع تجاري,الشيخ زايد مول اركان امام زايد 2000 الدور الارضى المكتب الرئيسى,01000000000,branch@test.com,retail,active,100.0,2022-01-01 00:00:00,7275b3f6-1e72-42d6-a80e-cd147ad02b17,9cd43b8c-5f85-4ffa-98fa-3b9a94d110c4,edb76caa-5ef3-4bfc-8753-cf745e5e63f6,false,2025-04-06 20:32:29.99007,2025-04-06 20:32:29.990572,https://maps.google.com/?q=أركان+City58
154da35d-582b-45d4-9cf2-49a615e33cf3,بيست واي- الاحياء,فرع تجاري,بيست واي- الاحياء,01000000000,branch@test.com,retail,active,100.0,2022-01-01 00:00:00,7275b3f6-1e72-42d6-a80e-cd147ad02b17,9cd43b8c-5f85-4ffa-98fa-3b9a94d110c4,edb76caa-5ef3-4bfc-8753-cf745e5e63f6,false,2025-04-06 20:32:29.99007,2025-04-06 20:32:29.990572,https://maps.google.com/?q=بيست+واي-+الاحياء+City1
158b80cc-aaf9-4665-978f-561635081628,محطة مترو عدلي منصور,فرع تجاري,محطة مترو عدلي منصور,01000000000,branch@test.com,retail,active,100.0,2022-01-01 00:00:00,7275b3f6-1e72-42d6-a80e-cd147ad02b17,9cd43b8c-5f85-4ffa-98fa-3b9a94d110c4,edb76caa-5ef3-4bfc-8753-cf745e5e63f6,false,2025-04-06 20:32:29.99007,2025-04-06 20:32:29.990572,https://maps.google.com/?q=محطة+مترو+عدلي+منصور+City13
1612309b-24ef-4088-b4ef-dffd274f7fcd,أوبن اير 2 - مدينتي,فرع تجاري,اوبن اير مول -بجوار كريستال عصفور,01000000000,branch@test.com,retail,active,100.0,2022-01-01 00:00:00,7275b3f6-1e72-42d6-a80e-cd147ad02b17,9cd43b8c-5f85-4ffa-98fa-3b9a94d110c4,edb76caa-5ef3-4bfc-8753-cf745e5e63f6,false,2025-04-06 20:32:29.99007,2025-04-06 20:32:29.990572,https://maps.google.com/?q=أوبن+اير+2+-+مدينتي+City50
1990e041-0372-4b2f-8248-616b6ab990f0,1 أسيوط,فرع تجاري,تقسيم الحقوقيين - شارع الجامعه الازهريه (شارع الازهر - اسيوط ثان),01000000000,branch@test.com,retail,active,100.0,2022-01-01 00:00:00,7275b3f6-1e72-42d6-a80e-cd147ad02b17,9cd43b8c-5f85-4ffa-98fa-3b9a94d110c4,edb76caa-5ef3-4bfc-8753-cf745e5e63f6,false,2025-04-06 20:32:29.99007,2025-04-06 20:32:29.990572,https://maps.google.com/?q=1+أسيوط+City28
1a43971d-f209-4c70-b62f-ca39bb87ec2f,جيت واي مول - الرحاب,فرع تجاري,جيت واي مول - الرحاب,01000000000,branch@test.com,retail,active,100.0,2022-01-01 00:00:00,7275b3f6-1e72-42d6-a80e-cd147ad02b17,9cd43b8c-5f85-4ffa-98fa-3b9a94d110c4,edb76caa-5ef3-4bfc-8753-cf745e5e63f6,false,2025-04-06 20:32:29.99007,2025-04-06 20:32:29.990572,https://maps.google.com/?q=جيت+واي+مول+-+الرحاب+City57
1c7a6c62-8637-4932-af83-e30109530271,دمياط 2,فرع تجاري,دمياط 2,01000000000,branch@test.com,retail,active,100.0,2022-01-01 00:00:00,7275b3f6-1e72-42d6-a80e-cd147ad02b17,9cd43b8c-5f85-4ffa-98fa-3b9a94d110c4,edb76caa-5ef3-4bfc-8753-cf745e5e63f6,false,2025-04-06 20:32:29.99007,2025-04-06 20:32:29.990572,https://maps.google.com/?q=دمياط+2+City11
1df4aa0b-5a3b-4153-9f7d-1e96d10a29fc,مترو ماركت – الياسمين,فرع تجاري,مترو ماركت – الياسمين,01000000000,branch@test.com,retail,active,100.0,2022-01-01 00:00:00,7275b3f6-1e72-42d6-a80e-cd147ad02b17,9cd43b8c-5f85-4ffa-98fa-3b9a94d110c4,edb76caa-5ef3-4bfc-8753-cf745e5e63f6,false,2025-04-06 20:32:29.99007,2025-04-06 20:32:29.990572,https://maps.google.com/?q=مترو+ماركت+–+الياسمين+City68
20755bcb-0952-4953-a130-3c37446ccb2d,الساحل / الساحل الشمالي 6,فرع تجاري,ماونتن فيو,01000000000,branch@test.com,retail,active,100.0,2022-01-01 00:00:00,7275b3f6-1e72-42d6-a80e-cd147ad02b17,9cd43b8c-5f85-4ffa-98fa-3b9a94d110c4,edb76caa-5ef3-4bfc-8753-cf745e5e63f6,false,2025-04-06 20:32:29.99007,2025-04-06 20:32:29.990572,https://maps.google.com/?q=الساحل+/+الساحل+الشمالي+6+City94
21438948-26fe-480a-a4ee-ca1bc2a72eda,كارفور-الحمد مول,فرع تجاري,كارفور-الحمد مول,01000000000,branch@test.com,retail,active,100.0,2022-01-01 00:00:00,7275b3f6-1e72-42d6-a80e-cd147ad02b17,9cd43b8c-5f85-4ffa-98fa-3b9a94d110c4,edb76caa-5ef3-4bfc-8753-cf745e5e63f6,false,2025-04-06 20:32:29.99007,2025-04-06 20:32:29.990572,https://maps.google.com/?q=كارفور-الحمد+مول+City61
2309ccd1-1c79-4517-9af7-0b572453b2c1,القاهرة الجديدة 4,فرع تجاري,ميفيدا,01000000000,branch@test.com,retail,active,100.0,2022-01-01 00:00:00,7275b3f6-1e72-42d6-a80e-cd147ad02b17,9cd43b8c-5f85-4ffa-98fa-3b9a94d110c4,edb76caa-5ef3-4bfc-8753-cf745e5e63f6,false,2025-04-06 20:32:29.99007,2025-04-06 20:32:29.990572,https://maps.google.com/?q=القاهرة+الجديدة+4+City73
25fbb3dd-6577-479b-931b-cadcb4564226,هايبروان-السلمانية 2,فرع تجاري,هايبروان-السلمانية 2,01000000000,branch@test.com,retail,active,100.0,2022-01-01 00:00:00,7275b3f6-1e72-42d6-a80e-cd147ad02b17,9cd43b8c-5f85-4ffa-98fa-3b9a94d110c4,edb76caa-5ef3-4bfc-8753-cf745e5e63f6,false,2025-04-06 20:32:29.99007,2025-04-06 20:32:29.990572,https://maps.google.com/?q=هايبروان-السلمانية+2+City74
26fb80b0-c230-461f-a90d-8ac15839b616,بنها,فرع تجاري,بنها,01000000000,branch@test.com,retail,active,100.0,2022-01-01 00:00:00,7275b3f6-1e72-42d6-a80e-cd147ad02b17,9cd43b8c-5f85-4ffa-98fa-3b9a94d110c4,edb76caa-5ef3-4bfc-8753-cf745e5e63f6,false,2025-04-06 20:32:29.99007,2025-04-06 20:32:29.990572,https://maps.google.com/?q=بنها+City32
276ce2ef-6237-4cec-ae71-c6ac8ae25a58,ميدان لبنان,فرع تجاري,ميدان لبنان,01000000000,branch@test.com,retail,active,100.0,2022-01-01 00:00:00,7275b3f6-1e72-42d6-a80e-cd147ad02b17,9cd43b8c-5f85-4ffa-98fa-3b9a94d110c4,edb76caa-5ef3-4bfc-8753-cf745e5e63f6,false,2025-04-06 20:32:29.99007,2025-04-06 20:32:29.990572,https://maps.google.com/?q=ميدان+لبنان+City18
28df3d2f-ae2f-4bd5-96ce-4fdf7e6a830e,Store 5,Test store,Cairo,0100050000,store5@test.com,Electronics,active,75.0,2025-04-06 12:38:12.667262,,,,false,2025-04-06 12:38:12.667262,2025-04-06 12:38:12.667262,https://maps.app.goo.gl/znNAEm4XJXXmqJkD6
2a4852b5-d5cd-41db-91ea-1c7f8c6d4214,مدينتي - كرافت زون,فرع تجاري,مدينتي - كرافت زون,01000000000,branch@test.com,retail,active,100.0,2022-01-01 00:00:00,7275b3f6-1e72-42d6-a80e-cd147ad02b17,9cd43b8c-5f85-4ffa-98fa-3b9a94d110c4,edb76caa-5ef3-4bfc-8753-cf745e5e63f6,false,2025-04-06 20:32:29.99007,2025-04-06 20:32:29.990572,https://maps.google.com/?q=مدينتي+-+كرافت+زون+City37
2a7d551d-f1a5-4ece-b0ea-9a590bebc528,مول الباتروس,فرع تجاري,مول الباتروس,01000000000,branch@test.com,retail,active,100.0,2022-01-01 00:00:00,7275b3f6-1e72-42d6-a80e-cd147ad02b17,9cd43b8c-5f85-4ffa-98fa-3b9a94d110c4,edb76caa-5ef3-4bfc-8753-cf745e5e63f6,false,2025-04-06 20:32:29.99007,2025-04-06 20:32:29.990572,https://maps.google.com/?q=مول+الباتروس+City24
2c978c5d-2ded-48fc-a36e-03a9e215aa40,الشيخ زايد 1,فرع تجاري,شارع 88 ، بالم هيلز,01000000000,branch@test.com,retail,active,100.0,2022-01-01 00:00:00,7275b3f6-1e72-42d6-a80e-cd147ad02b17,9cd43b8c-5f85-4ffa-98fa-3b9a94d110c4,edb76caa-5ef3-4bfc-8753-cf745e5e63f6,false,2025-04-06 20:32:29.99007,2025-04-06 20:32:29.990572,https://maps.google.com/?q=الشيخ+زايد+1+City87
2c9fca04-2517-4a4b-8d09-65355ee552a8,رويال هاوس الشروق,فرع تجاري,رويال هاوس الشروق,01000000000,branch@test.com,retail,active,100.0,2022-01-01 00:00:00,7275b3f6-1e72-42d6-a80e-cd147ad02b17,9cd43b8c-5f85-4ffa-98fa-3b9a94d110c4,edb76caa-5ef3-4bfc-8753-cf745e5e63f6,false,2025-04-06 20:32:29.99007,2025-04-06 20:32:29.990572,https://maps.google.com/?q=رويال+هاوس+الشروق+City39
2cfba777-d2db-424c-8c0d-390b3ed9cc3b,كارفور -ميفيدا,فرع تجاري,كارفور -ميفيدا,01000000000,branch@test.com,retail,active,100.0,2022-01-01 00:00:00,7275b3f6-1e72-42d6-a80e-cd147ad02b17,9cd43b8c-5f85-4ffa-98fa-3b9a94d110c4,edb76caa-5ef3-4bfc-8753-cf745e5e63f6,false,2025-04-06 20:32:29.99007,2025-04-06 20:32:29.990572,https://maps.google.com/?q=كارفور+-ميفيدا+City74
2dc83cac-3104-4faa-8a3d-3af135d0f42f,كارفور الواحات,فرع تجاري,كارفور الواحات,01000000000,branch@test.com,retail,active,100.0,2022-01-01 00:00:00,7275b3f6-1e72-42d6-a80e-cd147ad02b17,9cd43b8c-5f85-4ffa-98fa-3b9a94d110c4,edb76caa-5ef3-4bfc-8753-cf745e5e63f6,false,2025-04-06 20:32:29.99007,2025-04-06 20:32:29.990572,https://maps.google.com/?q=كارفور+الواحات+City72
2de06624-f6ed-4d54-8f90-595a5124ec3f,محمود الفار ماركت - ارابيلا,فرع تجاري,محمود الفار ماركت - ارابيلا,01000000000,branch@test.com,retail,active,100.0,2022-01-01 00:00:00,7275b3f6-1e72-42d6-a80e-cd147ad02b17,9cd43b8c-5f85-4ffa-98fa-3b9a94d110c4,edb76caa-5ef3-4bfc-8753-cf745e5e63f6,false,2025-04-06 20:32:29.99007,2025-04-06 20:32:29.990572,https://maps.google.com/?q=محمود+الفار+ماركت+-+ارابيلا+City45
2fef0b25-4283-4a3c-bf17-414ec9b1c95f,وكالة المنصورة-شارع الترعة,فرع تجاري,وكالة المنصورة-شارع الترعة,01000000000,branch@test.com,retail,active,100.0,2022-01-01 00:00:00,7275b3f6-1e72-42d6-a80e-cd147ad02b17,9cd43b8c-5f85-4ffa-98fa-3b9a94d110c4,edb76caa-5ef3-4bfc-8753-cf745e5e63f6,false,2025-04-06 20:32:29.99007,2025-04-06 20:32:29.990572,https://maps.google.com/?q=وكالة+المنصورة-شارع+الترعة+City7
32ab2fbc-c900-4349-a27b-e205a62bb620,خليج سوما,فرع تجاري,نيو مارينا,01000000000,branch@test.com,retail,active,100.0,2022-01-01 00:00:00,7275b3f6-1e72-42d6-a80e-cd147ad02b17,9cd43b8c-5f85-4ffa-98fa-3b9a94d110c4,edb76caa-5ef3-4bfc-8753-cf745e5e63f6,false,2025-04-06 20:32:29.99007,2025-04-06 20:32:29.990572,https://maps.google.com/?q=خليج+سوما+City5
36f5e28f-f54f-4688-9751-30c83cb84636,سبينيس-الشروق,فرع تجاري,سبينيس-الشروق,01000000000,branch@test.com,retail,active,100.0,2022-01-01 00:00:00,7275b3f6-1e72-42d6-a80e-cd147ad02b17,9cd43b8c-5f85-4ffa-98fa-3b9a94d110c4,edb76caa-5ef3-4bfc-8753-cf745e5e63f6,false,2025-04-06 20:32:29.99007,2025-04-06 20:32:29.990572,https://maps.google.com/?q=سبينيس-الشروق+City94
38465436-8dfe-4f82-9c99-2b513a8b6e05,سبينيس- سينزو مول,فرع تجاري,سبينيس- سينزو مول,01000000000,branch@test.com,retail,active,100.0,2022-01-01 00:00:00,7275b3f6-1e72-42d6-a80e-cd147ad02b17,9cd43b8c-5f85-4ffa-98fa-3b9a94d110c4,edb76caa-5ef3-4bfc-8753-cf745e5e63f6,false,2025-04-06 20:32:29.99007,2025-04-06 20:32:29.990572,https://maps.google.com/?q=سبينيس-+سينزو+مول+City47
388ca104-f7f6-4ecc-a837-62a621d91aed,المناره 2,فرع تجاري,المركز الدولى للمؤتمرات محور المشير طنطاوى- بجوار قاعه 4,01000000000,branch@test.com,retail,active,100.0,2022-01-01 00:00:00,7275b3f6-1e72-42d6-a80e-cd147ad02b17,9cd43b8c-5f85-4ffa-98fa-3b9a94d110c4,edb76caa-5ef3-4bfc-8753-cf745e5e63f6,false,2025-04-06 20:32:29.99007,2025-04-06 20:32:29.990572,https://maps.google.com/?q=المناره+2+City16
39f5e686-4054-4b72-a286-d9d85457cb3e,الهرم,فرع تجاري,آخر شارع الهرم بجوار محل جاد و محل ضجة. الجيزة,01000000000,branch@test.com,retail,active,100.0,2022-01-01 00:00:00,7275b3f6-1e72-42d6-a80e-cd147ad02b17,9cd43b8c-5f85-4ffa-98fa-3b9a94d110c4,edb76caa-5ef3-4bfc-8753-cf745e5e63f6,false,2025-04-06 20:32:29.99007,2025-04-06 20:32:29.990572,https://maps.google.com/?q=الهرم+City6
3aaf604f-805f-4068-9db2-a2f15aad8792,"كارفور-الجولف""طريق صلاح سالم""",فرع تجاري,"كارفور-الجولف""طريق صلاح سالم""",01000000000,branch@test.com,retail,active,100.0,2022-01-01 00:00:00,7275b3f6-1e72-42d6-a80e-cd147ad02b17,9cd43b8c-5f85-4ffa-98fa-3b9a94d110c4,edb76caa-5ef3-4bfc-8753-cf745e5e63f6,false,2025-04-06 20:32:29.99007,2025-04-06 20:32:29.990572,"https://maps.google.com/?q=كارفور-الجولف""طريق+صلاح+سالم""+City85"
3b5f784b-04c8-49e6-ade1-0608f5f0d36e,بيست واي- اكتوبر,فرع تجاري,بيست واي- اكتوبر,01000000000,branch@test.com,retail,active,100.0,2022-01-01 00:00:00,7275b3f6-1e72-42d6-a80e-cd147ad02b17,9cd43b8c-5f85-4ffa-98fa-3b9a94d110c4,edb76caa-5ef3-4bfc-8753-cf745e5e63f6,false,2025-04-06 20:32:29.99007,2025-04-06 20:32:29.990572,https://maps.google.com/?q=بيست+واي-+اكتوبر+City34
3b7676c5-4063-4b0f-ae64-3ad27f01e654,المناره 1,فرع تجاري,المركز الدولى للمؤتمرات محور المشير طنطاوى- بجوار قاعه 1,01000000000,branch@test.com,retail,active,100.0,2022-01-01 00:00:00,7275b3f6-1e72-42d6-a80e-cd147ad02b17,9cd43b8c-5f85-4ffa-98fa-3b9a94d110c4,edb76caa-5ef3-4bfc-8753-cf745e5e63f6,false,2025-04-06 20:32:29.99007,2025-04-06 20:32:29.990572,https://maps.google.com/?q=المناره+1+City48
3c21e502-9872-4255-abad-00a2c12cf273,مول مصر,فرع تجاري,مول مصر,01000000000,branch@test.com,retail,active,100.0,2022-01-01 00:00:00,7275b3f6-1e72-42d6-a80e-cd147ad02b17,9cd43b8c-5f85-4ffa-98fa-3b9a94d110c4,edb76caa-5ef3-4bfc-8753-cf745e5e63f6,false,2025-04-06 20:32:29.99007,2025-04-06 20:32:29.990572,https://maps.google.com/?q=مول+مصر+City92
3c29b6ab-bd8b-45ce-b90c-ce564cc0e7c7,سبينيس- معادي,فرع تجاري,سبينيس- معادي,01000000000,branch@test.com,retail,active,100.0,2022-01-01 00:00:00,7275b3f6-1e72-42d6-a80e-cd147ad02b17,9cd43b8c-5f85-4ffa-98fa-3b9a94d110c4,edb76caa-5ef3-4bfc-8753-cf745e5e63f6,false,2025-04-06 20:32:29.99007,2025-04-06 20:32:29.990572,https://maps.google.com/?q=سبينيس-+معادي+City19
3ccb063b-5f9e-4c9e-9003-8462861b49ff,شيل أوت الرحاب,فرع تجاري,شيل أوت الرحاب,01000000000,branch@test.com,retail,active,100.0,2022-01-01 00:00:00,7275b3f6-1e72-42d6-a80e-cd147ad02b17,9cd43b8c-5f85-4ffa-98fa-3b9a94d110c4,edb76caa-5ef3-4bfc-8753-cf745e5e63f6,false,2025-04-06 20:32:29.99007,2025-04-06 20:32:29.990572,https://maps.google.com/?q=شيل+أوت+الرحاب+City54
3d8e4093-205e-4f93-9e37-09b1787f3704,دريمز ماركت - تلال,فرع تجاري,دريمز ماركت - تلال,01000000000,branch@test.com,retail,active,100.0,2022-01-01 00:00:00,7275b3f6-1e72-42d6-a80e-cd147ad02b17,9cd43b8c-5f85-4ffa-98fa-3b9a94d110c4,edb76caa-5ef3-4bfc-8753-cf745e5e63f6,false,2025-04-06 20:32:29.99007,2025-04-06 20:32:29.990572,https://maps.google.com/?q=دريمز+ماركت+-+تلال+City13
3dbfccb9-8176-4357-a109-f30d9db404a7,القاهرة الجديدة 3,فرع تجاري,مركز مبيعات إعمار,01000000000,branch@test.com,retail,active,100.0,2022-01-01 00:00:00,7275b3f6-1e72-42d6-a80e-cd147ad02b17,9cd43b8c-5f85-4ffa-98fa-3b9a94d110c4,edb76caa-5ef3-4bfc-8753-cf745e5e63f6,false,2025-04-06 20:32:29.99007,2025-04-06 20:32:29.990572,https://maps.google.com/?q=القاهرة+الجديدة+3+City76
3e08655f-6e79-4a06-b745-79682d7dac3e,كارفور-جرين بلازا,فرع تجاري,كارفور-جرين بلازا,01000000000,branch@test.com,retail,active,100.0,2022-01-01 00:00:00,7275b3f6-1e72-42d6-a80e-cd147ad02b17,9cd43b8c-5f85-4ffa-98fa-3b9a94d110c4,edb76caa-5ef3-4bfc-8753-cf745e5e63f6,false,2025-04-06 20:32:29.99007,2025-04-06 20:32:29.990572,https://maps.google.com/?q=كارفور-جرين+بلازا+City96
406d6f25-f39d-4572-9736-d32bf9f41cf8,نجمة هليوبوليس - ميدان الجامع,فرع تجاري,نجمة هليوبوليس - ميدان الجامع,01000000000,branch@test.com,retail,active,100.0,2022-01-01 00:00:00,7275b3f6-1e72-42d6-a80e-cd147ad02b17,9cd43b8c-5f85-4ffa-98fa-3b9a94d110c4,edb76caa-5ef3-4bfc-8753-cf745e5e63f6,false,2025-04-06 20:32:29.99007,2025-04-06 20:32:29.990572,https://maps.google.com/?q=نجمة+هليوبوليس+-+ميدان+الجامع+City46
410d3c62-4320-4493-b058-fa39b92bd798,أجورا مول,فرع تجاري,مول أجورا-الدور الارضي- التجمع الخامس,01000000000,branch@test.com,retail,active,100.0,2022-01-01 00:00:00,7275b3f6-1e72-42d6-a80e-cd147ad02b17,9cd43b8c-5f85-4ffa-98fa-3b9a94d110c4,edb76caa-5ef3-4bfc-8753-cf745e5e63f6,false,2025-04-06 20:32:29.99007,2025-04-06 20:32:29.990572,https://maps.google.com/?q=أجورا+مول+City87
414bff84-1e81-4123-b6fb-d6bd64f2ac49,المعسكر الروماني,فرع تجاري,رشدى- شارع المعسكر الرومانى بجوار حلوانى فلوكيجر,01000000000,branch@test.com,retail,active,100.0,2022-01-01 00:00:00,7275b3f6-1e72-42d6-a80e-cd147ad02b17,9cd43b8c-5f85-4ffa-98fa-3b9a94d110c4,edb76caa-5ef3-4bfc-8753-cf745e5e63f6,false,2025-04-06 20:32:29.99007,2025-04-06 20:32:29.990572,https://maps.google.com/?q=المعسكر+الروماني+City93
41af85e1-cca9-494d-9531-90e146741401,أوسكار جراند ستورز- هليوبوليس,فرع تجاري,105 عمر بن الخطاب، الماظة، مصر الجديدة‬,01000000000,branch@test.com,retail,active,100.0,2022-01-01 00:00:00,7275b3f6-1e72-42d6-a80e-cd147ad02b17,9cd43b8c-5f85-4ffa-98fa-3b9a94d110c4,edb76caa-5ef3-4bfc-8753-cf745e5e63f6,false,2025-04-06 20:32:29.99007,2025-04-06 20:32:29.990572,https://maps.google.com/?q=أوسكار+جراند+ستورز-+هليوبوليس+City15
421da9b7-300d-4c12-bb59-a378a51fd162,مترو ماركت-المقطم,فرع تجاري,مترو ماركت-المقطم,01000000000,branch@test.com,retail,active,100.0,2022-01-01 00:00:00,7275b3f6-1e72-42d6-a80e-cd147ad02b17,9cd43b8c-5f85-4ffa-98fa-3b9a94d110c4,edb76caa-5ef3-4bfc-8753-cf745e5e63f6,false,2025-04-06 20:32:29.99007,2025-04-06 20:32:29.990572,https://maps.google.com/?q=مترو+ماركت-المقطم+City19
422c8bb9-d250-44a8-9d6f-3a0ab79031db,جناكليس,فرع تجاري,جناكليس,01000000000,branch@test.com,retail,active,100.0,2022-01-01 00:00:00,7275b3f6-1e72-42d6-a80e-cd147ad02b17,9cd43b8c-5f85-4ffa-98fa-3b9a94d110c4,edb76caa-5ef3-4bfc-8753-cf745e5e63f6,false,2025-04-06 20:32:29.99007,2025-04-06 20:32:29.990572,https://maps.google.com/?q=جناكليس+City78
424ad2bd-1afc-44cc-9ffe-1989cacff7df,مطار القاهرة T1,فرع تجاري,مطار القاهرة T1,01000000000,branch@test.com,retail,active,100.0,2022-01-01 00:00:00,7275b3f6-1e72-42d6-a80e-cd147ad02b17,9cd43b8c-5f85-4ffa-98fa-3b9a94d110c4,edb76caa-5ef3-4bfc-8753-cf745e5e63f6,false,2025-04-06 20:32:29.99007,2025-04-06 20:32:29.990572,https://maps.google.com/?q=مطار+القاهرة+T1+City67
42517841-fb5a-4a89-9060-aae2b4f01497,فريش فوود ماركت-بالم هيلز,فرع تجاري,فريش فوود ماركت-بالم هيلز,01000000000,branch@test.com,retail,active,100.0,2022-01-01 00:00:00,7275b3f6-1e72-42d6-a80e-cd147ad02b17,9cd43b8c-5f85-4ffa-98fa-3b9a94d110c4,edb76caa-5ef3-4bfc-8753-cf745e5e63f6,false,2025-04-06 20:32:29.99007,2025-04-06 20:32:29.990572,https://maps.google.com/?q=فريش+فوود+ماركت-بالم+هيلز+City4
42672bf7-dd0c-41c9-aecb-fad88dc9d850,المنصورة,فرع تجاري,شارع الجامعه المشايه السفليه امام نادى النيل,01000000000,branch@test.com,retail,active,100.0,2022-01-01 00:00:00,7275b3f6-1e72-42d6-a80e-cd147ad02b17,9cd43b8c-5f85-4ffa-98fa-3b9a94d110c4,edb76caa-5ef3-4bfc-8753-cf745e5e63f6,false,2025-04-06 20:32:29.99007,2025-04-06 20:32:29.990572,https://maps.google.com/?q=المنصورة+City94
4306a329-7c6d-447b-a2a5-7b0d2e77e0a6,مترو ماركت-الدقي,فرع تجاري,مترو ماركت-الدقي,01000000000,branch@test.com,retail,active,100.0,2022-01-01 00:00:00,7275b3f6-1e72-42d6-a80e-cd147ad02b17,9cd43b8c-5f85-4ffa-98fa-3b9a94d110c4,edb76caa-5ef3-4bfc-8753-cf745e5e63f6,false,2025-04-06 20:32:29.99007,2025-04-06 20:32:29.990572,https://maps.google.com/?q=مترو+ماركت-الدقي+City97
43167cae-aa97-46a9-8632-006a524e6708,السويس-الشهداء,فرع تجاري,السويس شارع الشهداء امام اردوور برج الصفوه,01000000000,branch@test.com,retail,active,100.0,2022-01-01 00:00:00,7275b3f6-1e72-42d6-a80e-cd147ad02b17,9cd43b8c-5f85-4ffa-98fa-3b9a94d110c4,edb76caa-5ef3-4bfc-8753-cf745e5e63f6,false,2025-04-06 20:32:29.99007,2025-04-06 20:32:29.990572,https://maps.google.com/?q=السويس-الشهداء+City91
459fc335-4773-400b-b418-f0e048174db2,محطة مصر 1,فرع تجاري,محطة مصر 1,01000000000,branch@test.com,retail,active,100.0,2022-01-01 00:00:00,7275b3f6-1e72-42d6-a80e-cd147ad02b17,9cd43b8c-5f85-4ffa-98fa-3b9a94d110c4,edb76caa-5ef3-4bfc-8753-cf745e5e63f6,false,2025-04-06 20:32:29.99007,2025-04-06 20:32:29.990572,https://maps.google.com/?q=محطة+مصر+1+City74
4603f591-7ae7-4f7b-865d-c401882a1c77,كارفور-الهرم,فرع تجاري,كارفور-الهرم,01000000000,branch@test.com,retail,active,100.0,2022-01-01 00:00:00,7275b3f6-1e72-42d6-a80e-cd147ad02b17,9cd43b8c-5f85-4ffa-98fa-3b9a94d110c4,edb76caa-5ef3-4bfc-8753-cf745e5e63f6,false,2025-04-06 20:32:29.99007,2025-04-06 20:32:29.990572,https://maps.google.com/?q=كارفور-الهرم+City59
46aad5d8-148e-4289-b74f-9f7d1f59ee22,الاقبال,فرع تجاري,"25 شارع الاقبال بجانب ماكدونالدز , لوران , الاسكندرية",01000000000,branch@test.com,retail,active,100.0,2022-01-01 00:00:00,7275b3f6-1e72-42d6-a80e-cd147ad02b17,9cd43b8c-5f85-4ffa-98fa-3b9a94d110c4,edb76caa-5ef3-4bfc-8753-cf745e5e63f6,false,2025-04-06 20:32:29.99007,2025-04-06 20:32:29.990572,https://maps.google.com/?q=الاقبال+City97
483f7f1d-5434-4933-9155-50599e96304e,كارفور- داندي مول,فرع تجاري,كارفور- داندي مول,01000000000,branch@test.com,retail,active,100.0,2022-01-01 00:00:00,7275b3f6-1e72-42d6-a80e-cd147ad02b17,9cd43b8c-5f85-4ffa-98fa-3b9a94d110c4,edb76caa-5ef3-4bfc-8753-cf745e5e63f6,false,2025-04-06 20:32:29.99007,2025-04-06 20:32:29.990572,https://maps.google.com/?q=كارفور-+داندي+مول+City79
4862ed82-79d4-4b39-9f53-3f6b15d73098,نادي الصيد,فرع تجاري,نادي الصيد,01000000000,branch@test.com,retail,active,100.0,2022-01-01 00:00:00,7275b3f6-1e72-42d6-a80e-cd147ad02b17,9cd43b8c-5f85-4ffa-98fa-3b9a94d110c4,edb76caa-5ef3-4bfc-8753-cf745e5e63f6,false,2025-04-06 20:32:29.99007,2025-04-06 20:32:29.990572,https://maps.google.com/?q=نادي+الصيد+City21
49a25e06-dbf5-4aec-9709-4141d32b1ab3,مترو ماركت-روكسي,فرع تجاري,مترو ماركت-روكسي,01000000000,branch@test.com,retail,active,100.0,2022-01-01 00:00:00,7275b3f6-1e72-42d6-a80e-cd147ad02b17,9cd43b8c-5f85-4ffa-98fa-3b9a94d110c4,edb76caa-5ef3-4bfc-8753-cf745e5e63f6,false,2025-04-06 20:32:29.99007,2025-04-06 20:32:29.990572,https://maps.google.com/?q=مترو+ماركت-روكسي+City38
4a08262e-7440-43bd-b870-0742f5d3ca0d,كارفور -ميراج مول,فرع تجاري,كارفور -ميراج مول,01000000000,branch@test.com,retail,active,100.0,2022-01-01 00:00:00,7275b3f6-1e72-42d6-a80e-cd147ad02b17,9cd43b8c-5f85-4ffa-98fa-3b9a94d110c4,edb76caa-5ef3-4bfc-8753-cf745e5e63f6,false,2025-04-06 20:32:29.99007,2025-04-06 20:32:29.990572,https://maps.google.com/?q=كارفور+-ميراج+مول+City10
4ce20194-80d3-4b6c-87b8-b368589e44cb,مترو ماركت-المعادي,فرع تجاري,مترو ماركت-المعادي,01000000000,branch@test.com,retail,active,100.0,2022-01-01 00:00:00,7275b3f6-1e72-42d6-a80e-cd147ad02b17,9cd43b8c-5f85-4ffa-98fa-3b9a94d110c4,edb76caa-5ef3-4bfc-8753-cf745e5e63f6,false,2025-04-06 20:32:29.99007,2025-04-06 20:32:29.990572,https://maps.google.com/?q=مترو+ماركت-المعادي+City42
4ed59e60-ee21-4be3-99b8-b8836f2c945e,المرغني,فرع تجاري,١٠٥ شارع السيد المرغني، مصر الجديدة بجوار تورتينا الحلوانى,01000000000,branch@test.com,retail,active,100.0,2022-01-01 00:00:00,7275b3f6-1e72-42d6-a80e-cd147ad02b17,9cd43b8c-5f85-4ffa-98fa-3b9a94d110c4,edb76caa-5ef3-4bfc-8753-cf745e5e63f6,false,2025-04-06 20:32:29.99007,2025-04-06 20:32:29.990572,https://maps.google.com/?q=المرغني+City53
5060d798-d91f-4914-aff7-0defa848ee09,سبينيس-الهرم,فرع تجاري,سبينيس-الهرم,01000000000,branch@test.com,retail,active,100.0,2022-01-01 00:00:00,7275b3f6-1e72-42d6-a80e-cd147ad02b17,9cd43b8c-5f85-4ffa-98fa-3b9a94d110c4,edb76caa-5ef3-4bfc-8753-cf745e5e63f6,false,2025-04-06 20:32:29.99007,2025-04-06 20:32:29.990572,https://maps.google.com/?q=سبينيس-الهرم+City74
50f718d8-c700-4086-8332-46a3debadbb1,مترو ماركت -الشيخ زايد,فرع تجاري,مترو ماركت -الشيخ زايد,01000000000,branch@test.com,retail,active,100.0,2022-01-01 00:00:00,7275b3f6-1e72-42d6-a80e-cd147ad02b17,9cd43b8c-5f85-4ffa-98fa-3b9a94d110c4,edb76caa-5ef3-4bfc-8753-cf745e5e63f6,false,2025-04-06 20:32:29.99007,2025-04-06 20:32:29.990572,https://maps.google.com/?q=مترو+ماركت+-الشيخ+زايد+City35
5124eb82-5b15-4289-8c39-c3b5f76c6b89,كارفور- الزيتون,فرع تجاري,كارفور- الزيتون,01000000000,branch@test.com,retail,active,100.0,2022-01-01 00:00:00,7275b3f6-1e72-42d6-a80e-cd147ad02b17,9cd43b8c-5f85-4ffa-98fa-3b9a94d110c4,edb76caa-5ef3-4bfc-8753-cf745e5e63f6,false,2025-04-06 20:32:29.99007,2025-04-06 20:32:29.990572,https://maps.google.com/?q=كارفور-+الزيتون+City8
53c0b509-7dbf-45fc-b2cb-751a7667fc6a,بنده-هايبر ماركت,فرع تجاري,بنده-هايبر ماركت,01000000000,branch@test.com,retail,active,100.0,2022-01-01 00:00:00,7275b3f6-1e72-42d6-a80e-cd147ad02b17,9cd43b8c-5f85-4ffa-98fa-3b9a94d110c4,edb76caa-5ef3-4bfc-8753-cf745e5e63f6,false,2025-04-06 20:32:29.99007,2025-04-06 20:32:29.990572,https://maps.google.com/?q=بنده-هايبر+ماركت+City55
54016031-67a0-4725-afc8-02b901733316,الدقى,فرع تجاري,٦٢ شارع مصدق الدقي بجوار شاورما ابو رامز,01000000000,branch@test.com,retail,active,100.0,2022-01-01 00:00:00,7275b3f6-1e72-42d6-a80e-cd147ad02b17,9cd43b8c-5f85-4ffa-98fa-3b9a94d110c4,edb76caa-5ef3-4bfc-8753-cf745e5e63f6,false,2025-04-06 20:32:29.99007,2025-04-06 20:32:29.990572,https://maps.google.com/?q=الدقى+City4
5491d1dd-533f-4c6d-bf2f-2223f522b0b5,أرابيلا مول,فرع تجاري,"شارع جمال عبد الناصر، التجمع الثالث ,القاهرة الجديدة.",01000000000,branch@test.com,retail,active,100.0,2022-01-01 00:00:00,7275b3f6-1e72-42d6-a80e-cd147ad02b17,9cd43b8c-5f85-4ffa-98fa-3b9a94d110c4,edb76caa-5ef3-4bfc-8753-cf745e5e63f6,false,2025-04-06 20:32:29.99007,2025-04-06 20:32:29.990572,https://maps.google.com/?q=أرابيلا+مول+City8
5831281b-1712-4cd7-83aa-5ae7a21cc795,كارفور الملتقي,فرع تجاري,كارفور الملتقي,01000000000,branch@test.com,retail,active,100.0,2022-01-01 00:00:00,7275b3f6-1e72-42d6-a80e-cd147ad02b17,9cd43b8c-5f85-4ffa-98fa-3b9a94d110c4,edb76caa-5ef3-4bfc-8753-cf745e5e63f6,false,2025-04-06 20:32:29.99007,2025-04-06 20:32:29.990572,https://maps.google.com/?q=كارفور+الملتقي+City1
5a9d0fb1-fd01-4af0-ae83-ee9e1433a77c,Store 2,Test store,Cairo,0100020000,store2@test.com,Electronics,inactive,98.3,2025-04-06 12:38:12.667262,,,,false,2025-04-06 12:38:12.667262,2025-04-06 12:38:12.667262,https://maps.app.goo.gl/5Y4WTAEeHf4WpGa97
5b88ce50-9e5c-4a07-b58b-f612e0df681d,الشيخ زايد 4,فرع تجاري,معرض فولفو,01000000000,branch@test.com,retail,active,100.0,2022-01-01 00:00:00,7275b3f6-1e72-42d6-a80e-cd147ad02b17,9cd43b8c-5f85-4ffa-98fa-3b9a94d110c4,edb76caa-5ef3-4bfc-8753-cf745e5e63f6,false,2025-04-06 20:32:29.99007,2025-04-06 20:32:29.990572,https://maps.google.com/?q=الشيخ+زايد+4+City41
5bef0111-f7aa-437c-acf3-f4783bd94643,محطة الرمل,فرع تجاري,محطة الرمل,01000000000,branch@test.com,retail,active,100.0,2022-01-01 00:00:00,7275b3f6-1e72-42d6-a80e-cd147ad02b17,9cd43b8c-5f85-4ffa-98fa-3b9a94d110c4,edb76caa-5ef3-4bfc-8753-cf745e5e63f6,false,2025-04-06 20:32:29.99007,2025-04-06 20:32:29.990572,https://maps.google.com/?q=محطة+الرمل+City67
5c16755b-caa3-4c18-b637-35c155564306,كارفور- الرحاب,فرع تجاري,كارفور- الرحاب,01000000000,branch@test.com,retail,active,100.0,2022-01-01 00:00:00,7275b3f6-1e72-42d6-a80e-cd147ad02b17,9cd43b8c-5f85-4ffa-98fa-3b9a94d110c4,edb76caa-5ef3-4bfc-8753-cf745e5e63f6,false,2025-04-06 20:32:29.99007,2025-04-06 20:32:29.990572,https://maps.google.com/?q=كارفور-+الرحاب+City50
5eb31fa5-9f10-488b-b1cc-6d3ef77c08b1,كارفور -المعادي الجديدة,فرع تجاري,كارفور -المعادي الجديدة,01000000000,branch@test.com,retail,active,100.0,2022-01-01 00:00:00,7275b3f6-1e72-42d6-a80e-cd147ad02b17,9cd43b8c-5f85-4ffa-98fa-3b9a94d110c4,edb76caa-5ef3-4bfc-8753-cf745e5e63f6,false,2025-04-06 20:32:29.99007,2025-04-06 20:32:29.990572,https://maps.google.com/?q=كارفور+-المعادي+الجديدة+City69
5f222d48-32a6-4313-bd38-9f547596a731,فريش فوود ماركت-بوينت 90,فرع تجاري,فريش فوود ماركت-بوينت 90,01000000000,branch@test.com,retail,active,100.0,2022-01-01 00:00:00,7275b3f6-1e72-42d6-a80e-cd147ad02b17,9cd43b8c-5f85-4ffa-98fa-3b9a94d110c4,edb76caa-5ef3-4bfc-8753-cf745e5e63f6,false,2025-04-06 20:32:29.99007,2025-04-06 20:32:29.990572,https://maps.google.com/?q=فريش+فوود+ماركت-بوينت+90+City62
60189c7f-f484-4adc-89d3-8d9fa4688366,كارفور- سرايا مول,فرع تجاري,كارفور- سرايا مول,01000000000,branch@test.com,retail,active,100.0,2022-01-01 00:00:00,7275b3f6-1e72-42d6-a80e-cd147ad02b17,9cd43b8c-5f85-4ffa-98fa-3b9a94d110c4,edb76caa-5ef3-4bfc-8753-cf745e5e63f6,false,2025-04-06 20:32:29.99007,2025-04-06 20:32:29.990572,https://maps.google.com/?q=كارفور-+سرايا+مول+City49
6144f27b-0117-4d61-b48a-d71eb8683205,سعودي ماركت – زايد 2000,فرع تجاري,سعودي ماركت – زايد 2000,01000000000,branch@test.com,retail,active,100.0,2022-01-01 00:00:00,7275b3f6-1e72-42d6-a80e-cd147ad02b17,9cd43b8c-5f85-4ffa-98fa-3b9a94d110c4,edb76caa-5ef3-4bfc-8753-cf745e5e63f6,false,2025-04-06 20:32:29.99007,2025-04-06 20:32:29.990572,https://maps.google.com/?q=سعودي+ماركت+–+زايد+2000+City56
6353b7a2-37b6-4c69-98e7-f586d4bdd88e,مترو ماركت-سموحه,فرع تجاري,مترو ماركت-سموحه,01000000000,branch@test.com,retail,active,100.0,2022-01-01 00:00:00,7275b3f6-1e72-42d6-a80e-cd147ad02b17,9cd43b8c-5f85-4ffa-98fa-3b9a94d110c4,edb76caa-5ef3-4bfc-8753-cf745e5e63f6,false,2025-04-06 20:32:29.99007,2025-04-06 20:32:29.990572,https://maps.google.com/?q=مترو+ماركت-سموحه+City64
64e96fe5-8b4c-4d20-a015-c59362a4cdc0,فريسكو مارت,فرع تجاري,فريسكو مارت,01000000000,branch@test.com,retail,active,100.0,2022-01-01 00:00:00,7275b3f6-1e72-42d6-a80e-cd147ad02b17,9cd43b8c-5f85-4ffa-98fa-3b9a94d110c4,edb76caa-5ef3-4bfc-8753-cf745e5e63f6,false,2025-04-06 20:32:29.99007,2025-04-06 20:32:29.990572,https://maps.google.com/?q=فريسكو+مارت+City29
65acd225-8771-4606-909f-ac67a200d332,سيتي سنتر,فرع تجاري,سيتي سنتر,01000000000,branch@test.com,retail,active,100.0,2022-01-01 00:00:00,7275b3f6-1e72-42d6-a80e-cd147ad02b17,9cd43b8c-5f85-4ffa-98fa-3b9a94d110c4,edb76caa-5ef3-4bfc-8753-cf745e5e63f6,false,2025-04-06 20:32:29.99007,2025-04-06 20:32:29.990572,https://maps.google.com/?q=سيتي+سنتر+City13
65c949d4-f58c-45ca-93e0-5620b8200eca,كروس تن مول,فرع تجاري,كروس تن مول,01000000000,branch@test.com,retail,active,100.0,2022-01-01 00:00:00,7275b3f6-1e72-42d6-a80e-cd147ad02b17,9cd43b8c-5f85-4ffa-98fa-3b9a94d110c4,edb76caa-5ef3-4bfc-8753-cf745e5e63f6,false,2025-04-06 20:32:29.99007,2025-04-06 20:32:29.990572,https://maps.google.com/?q=كروس+تن+مول+City28
66be6ab3-d502-4302-90cf-009589c59b5d,نايل سيتى,فرع تجاري,نايل سيتى,01000000000,branch@test.com,retail,active,100.0,2022-01-01 00:00:00,7275b3f6-1e72-42d6-a80e-cd147ad02b17,9cd43b8c-5f85-4ffa-98fa-3b9a94d110c4,edb76caa-5ef3-4bfc-8753-cf745e5e63f6,false,2025-04-06 20:32:29.99007,2025-04-06 20:32:29.990572,https://maps.google.com/?q=نايل+سيتى+City2
66da8422-83e0-4b56-8cb0-02b27d2edaf7,جامعة عين شمس,فرع تجاري,جامعة عين شمس,01000000000,branch@test.com,retail,active,100.0,2022-01-01 00:00:00,7275b3f6-1e72-42d6-a80e-cd147ad02b17,9cd43b8c-5f85-4ffa-98fa-3b9a94d110c4,edb76caa-5ef3-4bfc-8753-cf745e5e63f6,false,2025-04-06 20:32:29.99007,2025-04-06 20:32:29.990572,https://maps.google.com/?q=جامعة+عين+شمس+City4
6b06e125-06f6-4e41-a349-1250f1b38351,فريش فوود ماركت-اسكندرية,فرع تجاري,فريش فوود ماركت-اسكندرية,01000000000,branch@test.com,retail,active,100.0,2022-01-01 00:00:00,7275b3f6-1e72-42d6-a80e-cd147ad02b17,9cd43b8c-5f85-4ffa-98fa-3b9a94d110c4,edb76caa-5ef3-4bfc-8753-cf745e5e63f6,false,2025-04-06 20:32:29.99007,2025-04-06 20:32:29.990572,https://maps.google.com/?q=فريش+فوود+ماركت-اسكندرية+City15
6b7c354e-f887-47f5-8479-13683bfe5016,District 5 مول,فرع تجاري,District 5 مول,01000000000,branch@test.com,retail,active,100.0,2022-01-01 00:00:00,7275b3f6-1e72-42d6-a80e-cd147ad02b17,9cd43b8c-5f85-4ffa-98fa-3b9a94d110c4,edb76caa-5ef3-4bfc-8753-cf745e5e63f6,false,2025-04-06 20:32:29.99007,2025-04-06 20:32:29.990572,https://maps.google.com/?q=District+5+مول+City68
6c18b5e1-cb7b-4824-947f-7521e42de49d,السويس-المدينة الرياضية,فرع تجاري,"برج مهاود شارع المدينة الرياضية, بجانب دوكلاند ,الملاحة الجديدة , محافظة السويس.",01000000000,branch@test.com,retail,active,100.0,2022-01-01 00:00:00,7275b3f6-1e72-42d6-a80e-cd147ad02b17,9cd43b8c-5f85-4ffa-98fa-3b9a94d110c4,edb76caa-5ef3-4bfc-8753-cf745e5e63f6,false,2025-04-06 20:32:29.99007,2025-04-06 20:32:29.990572,https://maps.google.com/?q=السويس-المدينة+الرياضية+City88
6d13e1f8-96a6-4435-86c5-446d9e34a9e1,شيل أوت الشويفات,فرع تجاري,شيل أوت الشويفات,01000000000,branch@test.com,retail,active,100.0,2022-01-01 00:00:00,7275b3f6-1e72-42d6-a80e-cd147ad02b17,9cd43b8c-5f85-4ffa-98fa-3b9a94d110c4,edb76caa-5ef3-4bfc-8753-cf745e5e63f6,false,2025-04-06 20:32:29.99007,2025-04-06 20:32:29.990572,https://maps.google.com/?q=شيل+أوت+الشويفات+City45
6db5c381-8c5b-4aaa-97f4-619acbd3fe24,جامعة حلوان,فرع تجاري,جامعة حلوان,01000000000,branch@test.com,retail,active,100.0,2022-01-01 00:00:00,7275b3f6-1e72-42d6-a80e-cd147ad02b17,9cd43b8c-5f85-4ffa-98fa-3b9a94d110c4,edb76caa-5ef3-4bfc-8753-cf745e5e63f6,false,2025-04-06 20:32:29.99007,2025-04-06 20:32:29.990572,https://maps.google.com/?q=جامعة+حلوان+City63
6e666f23-87a5-4d27-993f-7c8f5b723008,الشيخ زايد 2,فرع تجاري,ممشى القاهرة,01000000000,branch@test.com,retail,active,100.0,2022-01-01 00:00:00,7275b3f6-1e72-42d6-a80e-cd147ad02b17,9cd43b8c-5f85-4ffa-98fa-3b9a94d110c4,edb76caa-5ef3-4bfc-8753-cf745e5e63f6,false,2025-04-06 20:32:29.99007,2025-04-06 20:32:29.990572,https://maps.google.com/?q=الشيخ+زايد+2+City6
6fadf72c-417a-44aa-b7ce-4028ac58bc78,كارفور-حلوان,فرع تجاري,كارفور-حلوان,01000000000,branch@test.com,retail,active,100.0,2022-01-01 00:00:00,7275b3f6-1e72-42d6-a80e-cd147ad02b17,9cd43b8c-5f85-4ffa-98fa-3b9a94d110c4,edb76caa-5ef3-4bfc-8753-cf745e5e63f6,false,2025-04-06 20:32:29.99007,2025-04-06 20:32:29.990572,https://maps.google.com/?q=كارفور-حلوان+City16
71e54faf-6b68-48fa-975c-42d940d9e70f,بالم هيلز,فرع تجاري,شارع ٨٨، نادي بالم هيلز، ٦ أكتوبر بجوار اكاديمية برشلونه,01000000000,branch@test.com,retail,active,100.0,2022-01-01 00:00:00,7275b3f6-1e72-42d6-a80e-cd147ad02b17,9cd43b8c-5f85-4ffa-98fa-3b9a94d110c4,edb76caa-5ef3-4bfc-8753-cf745e5e63f6,false,2025-04-06 20:32:29.99007,2025-04-06 20:32:29.990572,https://maps.google.com/?q=بالم+هيلز+City5
7205d412-0df7-42d4-808c-d9418ecd5a36,لولو ماركت - هيليوبوليس,فرع تجاري,لولو ماركت - هيليوبوليس,01000000000,branch@test.com,retail,active,100.0,2022-01-01 00:00:00,7275b3f6-1e72-42d6-a80e-cd147ad02b17,9cd43b8c-5f85-4ffa-98fa-3b9a94d110c4,edb76caa-5ef3-4bfc-8753-cf745e5e63f6,false,2025-04-06 20:32:29.99007,2025-04-06 20:32:29.990572,https://maps.google.com/?q=لولو+ماركت+-+هيليوبوليس+City76
723f297a-b58b-48ac-81b9-4766b51b7cbd,بارك مول,فرع تجاري,بارك مول التجمع الخامس امام هايبر لولو ماركت بجانب فندق بورتو كايرو أمام الجامعه الامريكية,01000000000,branch@test.com,retail,active,100.0,2022-01-01 00:00:00,7275b3f6-1e72-42d6-a80e-cd147ad02b17,9cd43b8c-5f85-4ffa-98fa-3b9a94d110c4,edb76caa-5ef3-4bfc-8753-cf745e5e63f6,false,2025-04-06 20:32:29.99007,2025-04-06 20:32:29.990572,https://maps.google.com/?q=بارك+مول+City36
72506eb2-f940-4f13-906a-5fb92bed7cbd,ليك فيو,فرع تجاري,ليك فيو,01000000000,branch@test.com,retail,active,100.0,2022-01-01 00:00:00,7275b3f6-1e72-42d6-a80e-cd147ad02b17,9cd43b8c-5f85-4ffa-98fa-3b9a94d110c4,edb76caa-5ef3-4bfc-8753-cf745e5e63f6,false,2025-04-06 20:32:29.99007,2025-04-06 20:32:29.990572,https://maps.google.com/?q=ليك+فيو+City73
72c2064e-bad8-48a4-af58-8b66ef8ffba1,كارفور – سيتي سنتر الماظة,فرع تجاري,كارفور – سيتي سنتر الماظة,01000000000,branch@test.com,retail,active,100.0,2022-01-01 00:00:00,7275b3f6-1e72-42d6-a80e-cd147ad02b17,9cd43b8c-5f85-4ffa-98fa-3b9a94d110c4,edb76caa-5ef3-4bfc-8753-cf745e5e63f6,false,2025-04-06 20:32:29.99007,2025-04-06 20:32:29.990572,https://maps.google.com/?q=كارفور+–+سيتي+سنتر+الماظة+City82
72f560eb-03c4-4a07-ab3c-663e305da1e0,كارفور-المنصورة 2,فرع تجاري,كارفور-المنصورة 2,01000000000,branch@test.com,retail,active,100.0,2022-01-01 00:00:00,7275b3f6-1e72-42d6-a80e-cd147ad02b17,9cd43b8c-5f85-4ffa-98fa-3b9a94d110c4,edb76caa-5ef3-4bfc-8753-cf745e5e63f6,false,2025-04-06 20:32:29.99007,2025-04-06 20:32:29.990572,https://maps.google.com/?q=كارفور-المنصورة+2+City84
72fbb9e4-80b7-46d6-b8a6-ae4c297dcc16,كارفور-المنصورة 1,فرع تجاري,كارفور-المنصورة 1,01000000000,branch@test.com,retail,active,100.0,2022-01-01 00:00:00,7275b3f6-1e72-42d6-a80e-cd147ad02b17,9cd43b8c-5f85-4ffa-98fa-3b9a94d110c4,edb76caa-5ef3-4bfc-8753-cf745e5e63f6,false,2025-04-06 20:32:29.99007,2025-04-06 20:32:29.990572,https://maps.google.com/?q=كارفور-المنصورة+1+City79
7395be20-ef5a-4ed7-9fcd-a3121f50046b,سبينس - زهراء المعادي,فرع تجاري,سبينس - زهراء المعادي,01000000000,branch@test.com,retail,active,100.0,2022-01-01 00:00:00,7275b3f6-1e72-42d6-a80e-cd147ad02b17,9cd43b8c-5f85-4ffa-98fa-3b9a94d110c4,edb76caa-5ef3-4bfc-8753-cf745e5e63f6,false,2025-04-06 20:32:29.99007,2025-04-06 20:32:29.990572,https://maps.google.com/?q=سبينس+-+زهراء+المعادي+City51
740a2756-2654-440b-9b48-b91e55e7ffca,بنده ماركت-العبور,فرع تجاري,بنده ماركت-العبور,01000000000,branch@test.com,retail,active,100.0,2022-01-01 00:00:00,7275b3f6-1e72-42d6-a80e-cd147ad02b17,9cd43b8c-5f85-4ffa-98fa-3b9a94d110c4,edb76caa-5ef3-4bfc-8753-cf745e5e63f6,false,2025-04-06 20:32:29.99007,2025-04-06 20:32:29.990572,https://maps.google.com/?q=بنده+ماركت-العبور+City19
74cdfbdd-c4f5-480a-8cba-05f901a83e2d,مترو ماركت- جنينه مول,فرع تجاري,مترو ماركت- جنينه مول,01000000000,branch@test.com,retail,active,100.0,2022-01-01 00:00:00,7275b3f6-1e72-42d6-a80e-cd147ad02b17,9cd43b8c-5f85-4ffa-98fa-3b9a94d110c4,edb76caa-5ef3-4bfc-8753-cf745e5e63f6,false,2025-04-06 20:32:29.99007,2025-04-06 20:32:29.990572,https://maps.google.com/?q=مترو+ماركت-+جنينه+مول+City25
74e78288-cf12-4914-92cc-155af69e9dd1,الزقازيق,فرع تجاري,شارع الدكتور طلبة عويضه (برج المصطفي) بجوار مستشفي صلاح سالم-القوميه-الشرقية,01000000000,branch@test.com,retail,active,100.0,2022-01-01 00:00:00,7275b3f6-1e72-42d6-a80e-cd147ad02b17,9cd43b8c-5f85-4ffa-98fa-3b9a94d110c4,edb76caa-5ef3-4bfc-8753-cf745e5e63f6,false,2025-04-06 20:32:29.99007,2025-04-06 20:32:29.990572,https://maps.google.com/?q=الزقازيق+City48
74fc8d47-8d10-4445-b172-de9706877452,شبرا,فرع تجاري,شبرا,01000000000,branch@test.com,retail,active,100.0,2022-01-01 00:00:00,7275b3f6-1e72-42d6-a80e-cd147ad02b17,9cd43b8c-5f85-4ffa-98fa-3b9a94d110c4,edb76caa-5ef3-4bfc-8753-cf745e5e63f6,false,2025-04-06 20:32:29.99007,2025-04-06 20:32:29.990572,https://maps.google.com/?q=شبرا+City95
75db963e-70ee-45b6-946e-0023b7bfa935,Store 3,Test store,Cairo,0100030000,store3@test.com,Electronics,active,240.2,2025-04-06 12:38:12.667262,,,,false,2025-04-06 12:38:12.667262,2025-04-06 12:38:12.667262,https://maps.app.goo.gl/bJhATYaMf5qboqJr6
784e8919-da8e-4819-b84a-bc8af5aa0112,القاهرة الجديدة 1,فرع تجاري,ذا درايف باي واتر واي,01000000000,branch@test.com,retail,active,100.0,2022-01-01 00:00:00,7275b3f6-1e72-42d6-a80e-cd147ad02b17,9cd43b8c-5f85-4ffa-98fa-3b9a94d110c4,edb76caa-5ef3-4bfc-8753-cf745e5e63f6,false,2025-04-06 20:32:29.99007,2025-04-06 20:32:29.990572,https://maps.google.com/?q=القاهرة+الجديدة+1+City23
78b3ef9e-151c-4c80-846e-2ba1732cf3c8,مول جوباص-شرم الشيخ,فرع تجاري,مول جوباص-شرم الشيخ,01000000000,branch@test.com,retail,active,100.0,2022-01-01 00:00:00,7275b3f6-1e72-42d6-a80e-cd147ad02b17,9cd43b8c-5f85-4ffa-98fa-3b9a94d110c4,edb76caa-5ef3-4bfc-8753-cf745e5e63f6,false,2025-04-06 20:32:29.99007,2025-04-06 20:32:29.990572,https://maps.google.com/?q=مول+جوباص-شرم+الشيخ+City94
791b4b98-cb57-4fec-bcc9-4004abd8dfeb,مكرم عبيد,فرع تجاري,مكرم عبيد,01000000000,branch@test.com,retail,active,100.0,2022-01-01 00:00:00,7275b3f6-1e72-42d6-a80e-cd147ad02b17,9cd43b8c-5f85-4ffa-98fa-3b9a94d110c4,edb76caa-5ef3-4bfc-8753-cf745e5e63f6,false,2025-04-06 20:32:29.99007,2025-04-06 20:32:29.990572,https://maps.google.com/?q=مكرم+عبيد+City31
79a02a45-b74e-4bdc-bc3d-423f8ef395ac,المعادي شارع اللاسلكي,فرع تجاري,شارع 216 . عزبة فهمي. من شارع اللاسلكي,01000000000,branch@test.com,retail,active,100.0,2022-01-01 00:00:00,7275b3f6-1e72-42d6-a80e-cd147ad02b17,9cd43b8c-5f85-4ffa-98fa-3b9a94d110c4,edb76caa-5ef3-4bfc-8753-cf745e5e63f6,false,2025-04-06 20:32:29.99007,2025-04-06 20:32:29.990572,https://maps.google.com/?q=المعادي+شارع+اللاسلكي+City41
7be1f91e-fe55-484d-8a32-d5d25fe649e8,بنده ماركت,فرع تجاري,بنده ماركت,01000000000,branch@test.com,retail,active,100.0,2022-01-01 00:00:00,7275b3f6-1e72-42d6-a80e-cd147ad02b17,9cd43b8c-5f85-4ffa-98fa-3b9a94d110c4,edb76caa-5ef3-4bfc-8753-cf745e5e63f6,false,2025-04-06 20:32:29.99007,2025-04-06 20:32:29.990572,https://maps.google.com/?q=بنده+ماركت+City81
7c98cdfb-9790-4bf9-9dc9-4916d7ff5c08,المعادي- شارع9,فرع تجاري,62 شارع 9 بجوار محطة ثكنات المعادى,01000000000,branch@test.com,retail,active,100.0,2022-01-01 00:00:00,7275b3f6-1e72-42d6-a80e-cd147ad02b17,9cd43b8c-5f85-4ffa-98fa-3b9a94d110c4,edb76caa-5ef3-4bfc-8753-cf745e5e63f6,false,2025-04-06 20:32:29.99007,2025-04-06 20:32:29.990572,https://maps.google.com/?q=المعادي-+شارع9+City78
83ea7214-4aa4-4b0f-95b4-e6aca652ce7f,سيتي ستارز 3,فرع تجاري,سيتي ستارز 3,01000000000,branch@test.com,retail,active,100.0,2022-01-01 00:00:00,7275b3f6-1e72-42d6-a80e-cd147ad02b17,9cd43b8c-5f85-4ffa-98fa-3b9a94d110c4,edb76caa-5ef3-4bfc-8753-cf745e5e63f6,false,2025-04-06 20:32:29.99007,2025-04-06 20:32:29.990572,https://maps.google.com/?q=سيتي+ستارز+3+City71
84691098-af4f-4107-807c-588d5acce9f0,مطار القاهرة T3-G,فرع تجاري,مطار القاهرة T3-G,01000000000,branch@test.com,retail,active,100.0,2022-01-01 00:00:00,7275b3f6-1e72-42d6-a80e-cd147ad02b17,9cd43b8c-5f85-4ffa-98fa-3b9a94d110c4,edb76caa-5ef3-4bfc-8753-cf745e5e63f6,false,2025-04-06 20:32:29.99007,2025-04-06 20:32:29.990572,https://maps.google.com/?q=مطار+القاهرة+T3-G+City81
862ed876-e08c-469e-a096-2954dd028b45,متحف الحضارة,فرع تجاري,متحف الحضارة,01000000000,branch@test.com,retail,active,100.0,2022-01-01 00:00:00,7275b3f6-1e72-42d6-a80e-cd147ad02b17,9cd43b8c-5f85-4ffa-98fa-3b9a94d110c4,edb76caa-5ef3-4bfc-8753-cf745e5e63f6,false,2025-04-06 20:32:29.99007,2025-04-06 20:32:29.990572,https://maps.google.com/?q=متحف+الحضارة+City58
867fd56f-a1c0-4bb8-94f3-9193ee8c3f20,فتح الله ماركت - الرحاب,فرع تجاري,فتح الله ماركت - الرحاب,01000000000,branch@test.com,retail,active,100.0,2022-01-01 00:00:00,7275b3f6-1e72-42d6-a80e-cd147ad02b17,9cd43b8c-5f85-4ffa-98fa-3b9a94d110c4,edb76caa-5ef3-4bfc-8753-cf745e5e63f6,false,2025-04-06 20:32:29.99007,2025-04-06 20:32:29.990572,https://maps.google.com/?q=فتح+الله+ماركت+-+الرحاب+City90
8a418b71-56b7-48d4-9d8c-ab6f6496b4a9,سموحة,فرع تجاري,سموحة,01000000000,branch@test.com,retail,active,100.0,2022-01-01 00:00:00,7275b3f6-1e72-42d6-a80e-cd147ad02b17,9cd43b8c-5f85-4ffa-98fa-3b9a94d110c4,edb76caa-5ef3-4bfc-8753-cf745e5e63f6,false,2025-04-06 20:32:29.99007,2025-04-06 20:32:29.990572,https://maps.google.com/?q=سموحة+City13
8b8aff43-2f8c-4073-8a0d-796caa6165b8,نيو جيزة,فرع تجاري,نيو جيزة,01000000000,branch@test.com,retail,active,100.0,2022-01-01 00:00:00,7275b3f6-1e72-42d6-a80e-cd147ad02b17,9cd43b8c-5f85-4ffa-98fa-3b9a94d110c4,edb76caa-5ef3-4bfc-8753-cf745e5e63f6,false,2025-04-06 20:32:29.99007,2025-04-06 20:32:29.990572,https://maps.google.com/?q=نيو+جيزة+City45
8e3829c3-dde6-40ea-a374-ca0adebc09e7,شرتون المطار,فرع تجاري,شرتون المطار,01000000000,branch@test.com,retail,active,100.0,2022-01-01 00:00:00,7275b3f6-1e72-42d6-a80e-cd147ad02b17,9cd43b8c-5f85-4ffa-98fa-3b9a94d110c4,edb76caa-5ef3-4bfc-8753-cf745e5e63f6,false,2025-04-06 20:32:29.99007,2025-04-06 20:32:29.990572,https://maps.google.com/?q=شرتون+المطار+City46
8e89f594-21d2-413d-99ea-7f2addc72caf,سوريا,فرع تجاري,سوريا,01000000000,branch@test.com,retail,active,100.0,2022-01-01 00:00:00,7275b3f6-1e72-42d6-a80e-cd147ad02b17,9cd43b8c-5f85-4ffa-98fa-3b9a94d110c4,edb76caa-5ef3-4bfc-8753-cf745e5e63f6,false,2025-04-06 20:32:29.99007,2025-04-06 20:32:29.990572,https://maps.google.com/?q=سوريا+City32
8ea4ab33-3bf4-45d6-ac8b-29961b0d30f7,الساحل / الساحل الشمالي 7,فرع تجاري,ديبلو,01000000000,branch@test.com,retail,active,100.0,2022-01-01 00:00:00,7275b3f6-1e72-42d6-a80e-cd147ad02b17,9cd43b8c-5f85-4ffa-98fa-3b9a94d110c4,edb76caa-5ef3-4bfc-8753-cf745e5e63f6,false,2025-04-06 20:32:29.99007,2025-04-06 20:32:29.990572,https://maps.google.com/?q=الساحل+/+الساحل+الشمالي+7+City39
8f48db49-233e-490a-b3a5-3979bf63e985,أوسكار جراند ستورز-التجمع,فرع تجاري,"القطعة 425 - ش التسعين قطاع 3 - التجمع الخامس, القاهرة الجديدة.",01000000000,branch@test.com,retail,active,100.0,2022-01-01 00:00:00,7275b3f6-1e72-42d6-a80e-cd147ad02b17,9cd43b8c-5f85-4ffa-98fa-3b9a94d110c4,edb76caa-5ef3-4bfc-8753-cf745e5e63f6,false,2025-04-06 20:32:29.99007,2025-04-06 20:32:29.990572,https://maps.google.com/?q=أوسكار+جراند+ستورز-التجمع+City40
909b8b6c-ae1c-4629-ad17-378b14dc8c49,مول العرب,فرع تجاري,مول العرب,01000000000,branch@test.com,retail,active,100.0,2022-01-01 00:00:00,7275b3f6-1e72-42d6-a80e-cd147ad02b17,9cd43b8c-5f85-4ffa-98fa-3b9a94d110c4,edb76caa-5ef3-4bfc-8753-cf745e5e63f6,false,2025-04-06 20:32:29.99007,2025-04-06 20:32:29.990572,https://maps.google.com/?q=مول+العرب+City93
925a7d15-4c2a-4959-ba6b-e17501c2d05a,سبينيس- مول العرب,فرع تجاري,سبينيس- مول العرب,01000000000,branch@test.com,retail,active,100.0,2022-01-01 00:00:00,7275b3f6-1e72-42d6-a80e-cd147ad02b17,9cd43b8c-5f85-4ffa-98fa-3b9a94d110c4,edb76caa-5ef3-4bfc-8753-cf745e5e63f6,false,2025-04-06 20:32:29.99007,2025-04-06 20:32:29.990572,https://maps.google.com/?q=سبينيس-+مول+العرب+City98
93435859-d800-4f9c-8658-6582c0327b27,رويال هاوس ماركت - الميريلاند,فرع تجاري,رويال هاوس ماركت - الميريلاند,01000000000,branch@test.com,retail,active,100.0,2022-01-01 00:00:00,7275b3f6-1e72-42d6-a80e-cd147ad02b17,9cd43b8c-5f85-4ffa-98fa-3b9a94d110c4,edb76caa-5ef3-4bfc-8753-cf745e5e63f6,false,2025-04-06 20:32:29.99007,2025-04-06 20:32:29.990572,https://maps.google.com/?q=رويال+هاوس+ماركت+-+الميريلاند+City71
93c162ea-f2fe-4751-a94e-9b668c94e5ec,وكالة المنصورة-شارع قناة السويس,فرع تجاري,وكالة المنصورة-شارع قناة السويس,01000000000,branch@test.com,retail,active,100.0,2022-01-01 00:00:00,7275b3f6-1e72-42d6-a80e-cd147ad02b17,9cd43b8c-5f85-4ffa-98fa-3b9a94d110c4,edb76caa-5ef3-4bfc-8753-cf745e5e63f6,false,2025-04-06 20:32:29.99007,2025-04-06 20:32:29.990572,https://maps.google.com/?q=وكالة+المنصورة-شارع+قناة+السويس+City24
93c48fd0-8648-4c6f-bb26-fd0274d07b7c,نجمة هليوبوليس - شيراتون,فرع تجاري,نجمة هليوبوليس - شيراتون,01000000000,branch@test.com,retail,active,100.0,2022-01-01 00:00:00,7275b3f6-1e72-42d6-a80e-cd147ad02b17,9cd43b8c-5f85-4ffa-98fa-3b9a94d110c4,edb76caa-5ef3-4bfc-8753-cf745e5e63f6,false,2025-04-06 20:32:29.99007,2025-04-06 20:32:29.990572,https://maps.google.com/?q=نجمة+هليوبوليس+-+شيراتون+City11
95759dc2-8ff2-40f5-bf34-372773d937f0,مترو ماركت -شارع النادي الاهلي,فرع تجاري,مترو ماركت -شارع النادي الاهلي,01000000000,branch@test.com,retail,active,100.0,2022-01-01 00:00:00,7275b3f6-1e72-42d6-a80e-cd147ad02b17,9cd43b8c-5f85-4ffa-98fa-3b9a94d110c4,edb76caa-5ef3-4bfc-8753-cf745e5e63f6,false,2025-04-06 20:32:29.99007,2025-04-06 20:32:29.990572,https://maps.google.com/?q=مترو+ماركت+-شارع+النادي+الاهلي+City51
9a381fc4-d40f-4e57-a8de-36702758a761,الرحاب - السوق الشرقي,فرع تجاري,منطقة المطاعم ، الرحاب السوق الشرقي ، مدينة الرحاب ، محافظة القاهرة,01000000000,branch@test.com,retail,active,100.0,2022-01-01 00:00:00,7275b3f6-1e72-42d6-a80e-cd147ad02b17,9cd43b8c-5f85-4ffa-98fa-3b9a94d110c4,edb76caa-5ef3-4bfc-8753-cf745e5e63f6,false,2025-04-06 20:32:29.99007,2025-04-06 20:32:29.990572,https://maps.google.com/?q=الرحاب+-+السوق+الشرقي+City9
9a877556-6529-4955-8622-7165d74a0b7c,دمياط - شارع البحر,فرع تجاري,دمياط - شارع البحر,01000000000,branch@test.com,retail,active,100.0,2022-01-01 00:00:00,7275b3f6-1e72-42d6-a80e-cd147ad02b17,9cd43b8c-5f85-4ffa-98fa-3b9a94d110c4,edb76caa-5ef3-4bfc-8753-cf745e5e63f6,false,2025-04-06 20:32:29.99007,2025-04-06 20:32:29.990572,https://maps.google.com/?q=دمياط+-+شارع+البحر+City66
9ad4a2be-27e4-4e18-9f0f-31d9a3423e8b,جامعة القاهرة 2,فرع تجاري,جامعة القاهرة 2,01000000000,branch@test.com,retail,active,100.0,2022-01-01 00:00:00,7275b3f6-1e72-42d6-a80e-cd147ad02b17,9cd43b8c-5f85-4ffa-98fa-3b9a94d110c4,edb76caa-5ef3-4bfc-8753-cf745e5e63f6,false,2025-04-06 20:32:29.99007,2025-04-06 20:32:29.990572,https://maps.google.com/?q=جامعة+القاهرة+2+City63
9ad8f2fc-48e1-42a5-bbaf-dee8282872c5,هايبروان-السلمانية 1,فرع تجاري,هايبروان-السلمانية 1,01000000000,branch@test.com,retail,active,100.0,2022-01-01 00:00:00,7275b3f6-1e72-42d6-a80e-cd147ad02b17,9cd43b8c-5f85-4ffa-98fa-3b9a94d110c4,edb76caa-5ef3-4bfc-8753-cf745e5e63f6,false,2025-04-06 20:32:29.99007,2025-04-06 20:32:29.990572,https://maps.google.com/?q=هايبروان-السلمانية+1+City48
9bd8e41c-f3d8-4160-b7dd-0dd49495f5c5,ميدان سوهو-شرم الشيخ,فرع تجاري,ميدان سوهو-شرم الشيخ,01000000000,branch@test.com,retail,active,100.0,2022-01-01 00:00:00,7275b3f6-1e72-42d6-a80e-cd147ad02b17,9cd43b8c-5f85-4ffa-98fa-3b9a94d110c4,edb76caa-5ef3-4bfc-8753-cf745e5e63f6,false,2025-04-06 20:32:29.99007,2025-04-06 20:32:29.990572,https://maps.google.com/?q=ميدان+سوهو-شرم+الشيخ+City64
9be923a7-579c-4202-8a44-7e06960672b7,مترو ماركت – الرحاب,فرع تجاري,مترو ماركت – الرحاب,01000000000,branch@test.com,retail,active,100.0,2022-01-01 00:00:00,7275b3f6-1e72-42d6-a80e-cd147ad02b17,9cd43b8c-5f85-4ffa-98fa-3b9a94d110c4,edb76caa-5ef3-4bfc-8753-cf745e5e63f6,false,2025-04-06 20:32:29.99007,2025-04-06 20:32:29.990572,https://maps.google.com/?q=مترو+ماركت+–+الرحاب+City55
9f92432d-0427-4362-9105-2a60dadffd0d,أمريكانا بلازا,فرع تجاري,"أمريكانا بلازا , مدينة الشيخ زايد , أكتوبر.",01000000000,branch@test.com,retail,active,100.0,2022-01-01 00:00:00,7275b3f6-1e72-42d6-a80e-cd147ad02b17,9cd43b8c-5f85-4ffa-98fa-3b9a94d110c4,edb76caa-5ef3-4bfc-8753-cf745e5e63f6,false,2025-04-06 20:32:29.99007,2025-04-06 20:32:29.990572,https://maps.google.com/?q=أمريكانا+بلازا+City64
a10dca7c-631f-41f3-bb25-96a3639c2f19,سكاى بلازا الشروق,فرع تجاري,سكاى بلازا الشروق,01000000000,branch@test.com,retail,active,100.0,2022-01-01 00:00:00,7275b3f6-1e72-42d6-a80e-cd147ad02b17,9cd43b8c-5f85-4ffa-98fa-3b9a94d110c4,edb76caa-5ef3-4bfc-8753-cf745e5e63f6,false,2025-04-06 20:32:29.99007,2025-04-06 20:32:29.990572,https://maps.google.com/?q=سكاى+بلازا+الشروق+City33
a21bff28-5b50-4125-baed-e570be8f4ad6,الجونة,فرع تجاري,نيو مارينا,01000000000,branch@test.com,retail,active,100.0,2022-01-01 00:00:00,7275b3f6-1e72-42d6-a80e-cd147ad02b17,9cd43b8c-5f85-4ffa-98fa-3b9a94d110c4,edb76caa-5ef3-4bfc-8753-cf745e5e63f6,false,2025-04-06 20:32:29.99007,2025-04-06 20:32:29.990572,https://maps.google.com/?q=الجونة+City83
a2ec7314-f895-4205-bdf5-db18a0a86f5e,كارفور-مول العروبة,فرع تجاري,كارفور-مول العروبة,01000000000,branch@test.com,retail,active,100.0,2022-01-01 00:00:00,7275b3f6-1e72-42d6-a80e-cd147ad02b17,9cd43b8c-5f85-4ffa-98fa-3b9a94d110c4,edb76caa-5ef3-4bfc-8753-cf745e5e63f6,false,2025-04-06 20:32:29.99007,2025-04-06 20:32:29.990572,https://maps.google.com/?q=كارفور-مول+العروبة+City94
a485ba1b-c081-4aef-a31d-58a4719b2567,جلوبال ميديكال سيتي,فرع تجاري,جلوبال ميديكال سيتي,01000000000,branch@test.com,retail,active,100.0,2022-01-01 00:00:00,7275b3f6-1e72-42d6-a80e-cd147ad02b17,9cd43b8c-5f85-4ffa-98fa-3b9a94d110c4,edb76caa-5ef3-4bfc-8753-cf745e5e63f6,false,2025-04-06 20:32:29.99007,2025-04-06 20:32:29.990572,https://maps.google.com/?q=جلوبال+ميديكال+سيتي+City49
a4f7c105-649c-4c6b-94fb-88c97c3315c6,شارع البرازيل- الزمالك,فرع تجاري,شارع البرازيل- الزمالك,01000000000,branch@test.com,retail,active,100.0,2022-01-01 00:00:00,7275b3f6-1e72-42d6-a80e-cd147ad02b17,9cd43b8c-5f85-4ffa-98fa-3b9a94d110c4,edb76caa-5ef3-4bfc-8753-cf745e5e63f6,false,2025-04-06 20:32:29.99007,2025-04-06 20:32:29.990572,https://maps.google.com/?q=شارع+البرازيل-+الزمالك+City91
a54d3dc9-a388-4397-aadb-d840bfb38a72,الشلالات,فرع تجاري,116 طريق الحريه اول شارع السلطان حسين.عمارة البنك الاهلي المصري,01000000000,branch@test.com,retail,active,100.0,2022-01-01 00:00:00,7275b3f6-1e72-42d6-a80e-cd147ad02b17,9cd43b8c-5f85-4ffa-98fa-3b9a94d110c4,edb76caa-5ef3-4bfc-8753-cf745e5e63f6,false,2025-04-06 20:32:29.99007,2025-04-06 20:32:29.990572,https://maps.google.com/?q=الشلالات+City14
a616baca-a1d0-446f-a70a-8d6adaeb1563,سعودي ماركت – دريم لاند,فرع تجاري,سعودي ماركت – دريم لاند,01000000000,branch@test.com,retail,active,100.0,2022-01-01 00:00:00,7275b3f6-1e72-42d6-a80e-cd147ad02b17,9cd43b8c-5f85-4ffa-98fa-3b9a94d110c4,edb76caa-5ef3-4bfc-8753-cf745e5e63f6,false,2025-04-06 20:32:29.99007,2025-04-06 20:32:29.990572,https://maps.google.com/?q=سعودي+ماركت+–+دريم+لاند+City38
a7672708-b24f-4412-b30c-ce03c070d09c,مطار القاهرة T2,فرع تجاري,مطار القاهرة T2,01000000000,branch@test.com,retail,active,100.0,2022-01-01 00:00:00,7275b3f6-1e72-42d6-a80e-cd147ad02b17,9cd43b8c-5f85-4ffa-98fa-3b9a94d110c4,edb76caa-5ef3-4bfc-8753-cf745e5e63f6,false,2025-04-06 20:32:29.99007,2025-04-06 20:32:29.990572,https://maps.google.com/?q=مطار+القاهرة+T2+City76
a8228107-7bea-412f-b1da-1a37ad6ea233,كايرو فيستيفال سيتي 2,فرع تجاري,كايرو فيستيفال سيتي 2,01000000000,branch@test.com,retail,active,100.0,2022-01-01 00:00:00,7275b3f6-1e72-42d6-a80e-cd147ad02b17,9cd43b8c-5f85-4ffa-98fa-3b9a94d110c4,edb76caa-5ef3-4bfc-8753-cf745e5e63f6,false,2025-04-06 20:32:29.99007,2025-04-06 20:32:29.990572,https://maps.google.com/?q=كايرو+فيستيفال+سيتي+2+City27
aaca4bed-54e9-4ce5-8d55-2db9c5007f83,كارفور- طيبة مول,فرع تجاري,كارفور- طيبة مول,01000000000,branch@test.com,retail,active,100.0,2022-01-01 00:00:00,7275b3f6-1e72-42d6-a80e-cd147ad02b17,9cd43b8c-5f85-4ffa-98fa-3b9a94d110c4,edb76caa-5ef3-4bfc-8753-cf745e5e63f6,false,2025-04-06 20:32:29.99007,2025-04-06 20:32:29.990572,https://maps.google.com/?q=كارفور-+طيبة+مول+City43
ac21dc4a-5986-4641-9d7f-b51756535eb8,وادي دجلة المعادي,فرع تجاري,وادي دجلة المعادي,01000000000,branch@test.com,retail,active,100.0,2022-01-01 00:00:00,7275b3f6-1e72-42d6-a80e-cd147ad02b17,9cd43b8c-5f85-4ffa-98fa-3b9a94d110c4,edb76caa-5ef3-4bfc-8753-cf745e5e63f6,false,2025-04-06 20:32:29.99007,2025-04-06 20:32:29.990572,https://maps.google.com/?q=وادي+دجلة+المعادي+City40
ac298656-87ff-4b0e-b63f-02ae4822f442,الابراهيمية,فرع تجاري,58 طريق الجيش، الإبراهيمية بحري وسيدي جا، قسم باب شرقي.,01000000000,branch@test.com,retail,active,100.0,2022-01-01 00:00:00,7275b3f6-1e72-42d6-a80e-cd147ad02b17,9cd43b8c-5f85-4ffa-98fa-3b9a94d110c4,edb76caa-5ef3-4bfc-8753-cf745e5e63f6,false,2025-04-06 20:32:29.99007,2025-04-06 20:32:29.990572,https://maps.google.com/?q=الابراهيمية+City44
aca68478-65fb-407d-8119-2f1c5c28fc8c,المنيل,فرع تجاري,٨١شارع المنيل الرئيسي.,01000000000,branch@test.com,retail,active,100.0,2022-01-01 00:00:00,7275b3f6-1e72-42d6-a80e-cd147ad02b17,9cd43b8c-5f85-4ffa-98fa-3b9a94d110c4,edb76caa-5ef3-4bfc-8753-cf745e5e63f6,false,2025-04-06 20:32:29.99007,2025-04-06 20:32:29.990572,https://maps.google.com/?q=المنيل+City29
acbf2521-ae25-41af-a255-1dc40bf864da,الساحل / الساحل الشمالي 2,فرع تجاري,مراسي بيتش كلوب هاوس,01000000000,branch@test.com,retail,active,100.0,2022-01-01 00:00:00,7275b3f6-1e72-42d6-a80e-cd147ad02b17,9cd43b8c-5f85-4ffa-98fa-3b9a94d110c4,edb76caa-5ef3-4bfc-8753-cf745e5e63f6,false,2025-04-06 20:32:29.99007,2025-04-06 20:32:29.990572,https://maps.google.com/?q=الساحل+/+الساحل+الشمالي+2+City43
ae1d9473-34ef-4f0f-87de-421f6fb66e02,كارفور-زيزينيا,فرع تجاري,كارفور-زيزينيا,01000000000,branch@test.com,retail,active,100.0,2022-01-01 00:00:00,7275b3f6-1e72-42d6-a80e-cd147ad02b17,9cd43b8c-5f85-4ffa-98fa-3b9a94d110c4,edb76caa-5ef3-4bfc-8753-cf745e5e63f6,false,2025-04-06 20:32:29.99007,2025-04-06 20:32:29.990572,https://maps.google.com/?q=كارفور-زيزينيا+City56
ae649547-7ac9-4dd1-a3da-bbe61ef24b7f,الفار ماركت,فرع تجاري,"شارع التسعين الجنوبي ، التجمع الخامس, امام كونكورد بلازا مول",01000000000,branch@test.com,retail,active,100.0,2022-01-01 00:00:00,7275b3f6-1e72-42d6-a80e-cd147ad02b17,9cd43b8c-5f85-4ffa-98fa-3b9a94d110c4,edb76caa-5ef3-4bfc-8753-cf745e5e63f6,false,2025-04-06 20:32:29.99007,2025-04-06 20:32:29.990572,https://maps.google.com/?q=الفار+ماركت+City26
aecb5f80-d1bf-4568-a4fc-8fd6beaf3add,المقطم,فرع تجاري,"23 شارع 9 , المقطم.",01000000000,branch@test.com,retail,active,100.0,2022-01-01 00:00:00,7275b3f6-1e72-42d6-a80e-cd147ad02b17,9cd43b8c-5f85-4ffa-98fa-3b9a94d110c4,edb76caa-5ef3-4bfc-8753-cf745e5e63f6,false,2025-04-06 20:32:29.99007,2025-04-06 20:32:29.990572,https://maps.google.com/?q=المقطم+City18
b00f73f3-d809-45b4-9a7f-17ca6dd4a2f2,كارفور-بيفرلي هيلز,فرع تجاري,كارفور-بيفرلي هيلز,01000000000,branch@test.com,retail,active,100.0,2022-01-01 00:00:00,7275b3f6-1e72-42d6-a80e-cd147ad02b17,9cd43b8c-5f85-4ffa-98fa-3b9a94d110c4,edb76caa-5ef3-4bfc-8753-cf745e5e63f6,false,2025-04-06 20:32:29.99007,2025-04-06 20:32:29.990572,https://maps.google.com/?q=كارفور-بيفرلي+هيلز+City9
b1290981-67ef-4b72-9031-128e65f458eb,دريمز ماركت - لافيستا,فرع تجاري,دريمز ماركت - لافيستا,01000000000,branch@test.com,retail,active,100.0,2022-01-01 00:00:00,7275b3f6-1e72-42d6-a80e-cd147ad02b17,9cd43b8c-5f85-4ffa-98fa-3b9a94d110c4,edb76caa-5ef3-4bfc-8753-cf745e5e63f6,false,2025-04-06 20:32:29.99007,2025-04-06 20:32:29.990572,https://maps.google.com/?q=دريمز+ماركت+-+لافيستا+City32
b168aea8-a725-4c02-a015-cb70fe59528a,سبينيس-مول طنطا,فرع تجاري,سبينيس-مول طنطا,01000000000,branch@test.com,retail,active,100.0,2022-01-01 00:00:00,7275b3f6-1e72-42d6-a80e-cd147ad02b17,9cd43b8c-5f85-4ffa-98fa-3b9a94d110c4,edb76caa-5ef3-4bfc-8753-cf745e5e63f6,false,2025-04-06 20:32:29.99007,2025-04-06 20:32:29.990572,https://maps.google.com/?q=سبينيس-مول+طنطا+City87
b16b1739-cbe3-4b23-9878-18c273d7fcc3,هايبر وان -أكتوبر(2),فرع تجاري,هايبر وان -أكتوبر(2),01000000000,branch@test.com,retail,active,100.0,2022-01-01 00:00:00,7275b3f6-1e72-42d6-a80e-cd147ad02b17,9cd43b8c-5f85-4ffa-98fa-3b9a94d110c4,edb76caa-5ef3-4bfc-8753-cf745e5e63f6,false,2025-04-06 20:32:29.99007,2025-04-06 20:32:29.990572,https://maps.google.com/?q=هايبر+وان+-أكتوبر(2)+City91
b26327b2-5b8e-453d-b334-0eb870b89aed,أوبن اير 3 - مدينتي,فرع تجاري,مول اوبن اير مدنتي,01000000000,branch@test.com,retail,active,100.0,2022-01-01 00:00:00,7275b3f6-1e72-42d6-a80e-cd147ad02b17,9cd43b8c-5f85-4ffa-98fa-3b9a94d110c4,edb76caa-5ef3-4bfc-8753-cf745e5e63f6,false,2025-04-06 20:32:29.99007,2025-04-06 20:32:29.990572,https://maps.google.com/?q=أوبن+اير+3+-+مدينتي+City63
b571b5bc-a7ca-43ef-a9de-941ace56c6ca,سبينيس-السادات,فرع تجاري,سبينيس-السادات,01000000000,branch@test.com,retail,active,100.0,2022-01-01 00:00:00,7275b3f6-1e72-42d6-a80e-cd147ad02b17,9cd43b8c-5f85-4ffa-98fa-3b9a94d110c4,edb76caa-5ef3-4bfc-8753-cf745e5e63f6,false,2025-04-06 20:32:29.99007,2025-04-06 20:32:29.990572,https://maps.google.com/?q=سبينيس-السادات+City20
b7612672-c4ea-4cae-acb5-5961ac2be261,سبينيس- بيرل دي روا,فرع تجاري,سبينيس- بيرل دي روا,01000000000,branch@test.com,retail,active,100.0,2022-01-01 00:00:00,7275b3f6-1e72-42d6-a80e-cd147ad02b17,9cd43b8c-5f85-4ffa-98fa-3b9a94d110c4,edb76caa-5ef3-4bfc-8753-cf745e5e63f6,false,2025-04-06 20:32:29.99007,2025-04-06 20:32:29.990572,https://maps.google.com/?q=سبينيس-+بيرل+دي+روا+City60
b950a445-17d0-4fdc-b7e6-2fa132da916e,شيل أوت أكتوبر,فرع تجاري,شيل أوت أكتوبر,01000000000,branch@test.com,retail,active,100.0,2022-01-01 00:00:00,7275b3f6-1e72-42d6-a80e-cd147ad02b17,9cd43b8c-5f85-4ffa-98fa-3b9a94d110c4,edb76caa-5ef3-4bfc-8753-cf745e5e63f6,false,2025-04-06 20:32:29.99007,2025-04-06 20:32:29.990572,https://maps.google.com/?q=شيل+أوت+أكتوبر+City44
b9697c9d-a4f2-4c2b-a579-0169ffafd13e,المنيا,فرع تجاري,شارع البحر بداخل فندق جراند اتون.المنيا,01000000000,branch@test.com,retail,active,100.0,2022-01-01 00:00:00,7275b3f6-1e72-42d6-a80e-cd147ad02b17,9cd43b8c-5f85-4ffa-98fa-3b9a94d110c4,edb76caa-5ef3-4bfc-8753-cf745e5e63f6,false,2025-04-06 20:32:29.99007,2025-04-06 20:32:29.990572,https://maps.google.com/?q=المنيا+City65
b9fbe546-6f33-4860-84df-885e37bef8d4,ميفيدا,فرع تجاري,ميفيدا,01000000000,branch@test.com,retail,active,100.0,2022-01-01 00:00:00,7275b3f6-1e72-42d6-a80e-cd147ad02b17,9cd43b8c-5f85-4ffa-98fa-3b9a94d110c4,edb76caa-5ef3-4bfc-8753-cf745e5e63f6,false,2025-04-06 20:32:29.99007,2025-04-06 20:32:29.990572,https://maps.google.com/?q=ميفيدا+City41
bb62994f-9fd9-4536-a9c8-253f07c5c462,كايرو فيستيفال سيتي 1,فرع تجاري,كايرو فيستيفال سيتي 1,01000000000,branch@test.com,retail,active,100.0,2022-01-01 00:00:00,7275b3f6-1e72-42d6-a80e-cd147ad02b17,9cd43b8c-5f85-4ffa-98fa-3b9a94d110c4,edb76caa-5ef3-4bfc-8753-cf745e5e63f6,false,2025-04-06 20:32:29.99007,2025-04-06 20:32:29.990572,https://maps.google.com/?q=كايرو+فيستيفال+سيتي+1+City54
bc2286e0-d779-4528-ad85-bff1702adc8e,كونكورد بلازا,فرع تجاري,كونكورد بلازا,01000000000,branch@test.com,retail,active,100.0,2022-01-01 00:00:00,7275b3f6-1e72-42d6-a80e-cd147ad02b17,9cd43b8c-5f85-4ffa-98fa-3b9a94d110c4,edb76caa-5ef3-4bfc-8753-cf745e5e63f6,false,2025-04-06 20:32:29.99007,2025-04-06 20:32:29.990572,https://maps.google.com/?q=كونكورد+بلازا+City10
bc4f36f7-55d1-4b95-b3f6-bb7f3897a5ba,شارع ٢٣ يوليو,فرع تجاري,شارع ٢٣ يوليو,01000000000,branch@test.com,retail,active,100.0,2022-01-01 00:00:00,7275b3f6-1e72-42d6-a80e-cd147ad02b17,9cd43b8c-5f85-4ffa-98fa-3b9a94d110c4,edb76caa-5ef3-4bfc-8753-cf745e5e63f6,false,2025-04-06 20:32:29.99007,2025-04-06 20:32:29.990572,https://maps.google.com/?q=شارع+٢٣+يوليو+City27
bcca2aee-88a8-46a3-b6f3-42e4be0ed7cd,الساحل / الساحل الشمالي 1,فرع تجاري,مركز مبيعات مراسي إعمار,01000000000,branch@test.com,retail,active,100.0,2022-01-01 00:00:00,7275b3f6-1e72-42d6-a80e-cd147ad02b17,9cd43b8c-5f85-4ffa-98fa-3b9a94d110c4,edb76caa-5ef3-4bfc-8753-cf745e5e63f6,false,2025-04-06 20:32:29.99007,2025-04-06 20:32:29.990572,https://maps.google.com/?q=الساحل+/+الساحل+الشمالي+1+City41
c220c74a-0155-44d2-b7a9-744331f83260,بيست واي-العين السخنة,فرع تجاري,بيست واي-العين السخنة,01000000000,branch@test.com,retail,active,100.0,2022-01-01 00:00:00,7275b3f6-1e72-42d6-a80e-cd147ad02b17,9cd43b8c-5f85-4ffa-98fa-3b9a94d110c4,edb76caa-5ef3-4bfc-8753-cf745e5e63f6,false,2025-04-06 20:32:29.99007,2025-04-06 20:32:29.990572,https://maps.google.com/?q=بيست+واي-العين+السخنة+City13
c3e8fab5-9aa9-4cdc-abe4-19872c9cf7ae,طنطا شارع البحر,فرع تجاري,طنطا شارع البحر,01000000000,branch@test.com,retail,active,100.0,2022-01-01 00:00:00,7275b3f6-1e72-42d6-a80e-cd147ad02b17,9cd43b8c-5f85-4ffa-98fa-3b9a94d110c4,edb76caa-5ef3-4bfc-8753-cf745e5e63f6,false,2025-04-06 20:32:29.99007,2025-04-06 20:32:29.990572,https://maps.google.com/?q=طنطا+شارع+البحر+City46
c49216c2-c0c5-4e95-952e-54540d3e3d21,سيتي ستارز1,فرع تجاري,سيتي ستارز1,01000000000,branch@test.com,retail,active,100.0,2022-01-01 00:00:00,7275b3f6-1e72-42d6-a80e-cd147ad02b17,9cd43b8c-5f85-4ffa-98fa-3b9a94d110c4,edb76caa-5ef3-4bfc-8753-cf745e5e63f6,false,2025-04-06 20:32:29.99007,2025-04-06 20:32:29.990572,https://maps.google.com/?q=سيتي+ستارز1+City68
c49cd113-b803-498b-a4fa-f5f1582b33f8,سيتى سنتر-الأسكندريه,فرع تجاري,سيتى سنتر-الأسكندريه,01000000000,branch@test.com,retail,active,100.0,2022-01-01 00:00:00,7275b3f6-1e72-42d6-a80e-cd147ad02b17,9cd43b8c-5f85-4ffa-98fa-3b9a94d110c4,edb76caa-5ef3-4bfc-8753-cf745e5e63f6,false,2025-04-06 20:32:29.99007,2025-04-06 20:32:29.990572,https://maps.google.com/?q=سيتى+سنتر-الأسكندريه+City72
c5559434-719b-4afc-9947-0c03fb26ff3f,فيصل,فرع تجاري,فيصل,01000000000,branch@test.com,retail,active,100.0,2022-01-01 00:00:00,7275b3f6-1e72-42d6-a80e-cd147ad02b17,9cd43b8c-5f85-4ffa-98fa-3b9a94d110c4,edb76caa-5ef3-4bfc-8753-cf745e5e63f6,false,2025-04-06 20:32:29.99007,2025-04-06 20:32:29.990572,https://maps.google.com/?q=فيصل+City51
c74f0fb4-a99e-40c6-8ffa-4dc65f761b84,سبينيس- مول أرينا,فرع تجاري,سبينيس- مول أرينا,01000000000,branch@test.com,retail,active,100.0,2022-01-01 00:00:00,7275b3f6-1e72-42d6-a80e-cd147ad02b17,9cd43b8c-5f85-4ffa-98fa-3b9a94d110c4,edb76caa-5ef3-4bfc-8753-cf745e5e63f6,false,2025-04-06 20:32:29.99007,2025-04-06 20:32:29.990572,https://maps.google.com/?q=سبينيس-+مول+أرينا+City89
c86b4434-1c1b-4493-8499-86733c34660c,بتروجيت,فرع تجاري,بتروجيت,01000000000,branch@test.com,retail,active,100.0,2022-01-01 00:00:00,7275b3f6-1e72-42d6-a80e-cd147ad02b17,9cd43b8c-5f85-4ffa-98fa-3b9a94d110c4,edb76caa-5ef3-4bfc-8753-cf745e5e63f6,false,2025-04-06 20:32:29.99007,2025-04-06 20:32:29.990572,https://maps.google.com/?q=بتروجيت+City52
c99c7029-6fed-4609-a90b-4f8ca8d8b84e,Store 1,Test store,Cairo,0100010000,store1@test.com,Electronics,active,120.5,2025-04-06 12:38:12.667262,,,,false,2025-04-06 12:38:12.667262,2025-04-06 12:38:12.667262,
cab6cdd1-2088-406b-b3ab-c554af0cfe29,كارفور-الزقازيق,فرع تجاري,كارفور-الزقازيق,01000000000,branch@test.com,retail,active,100.0,2022-01-01 00:00:00,7275b3f6-1e72-42d6-a80e-cd147ad02b17,9cd43b8c-5f85-4ffa-98fa-3b9a94d110c4,edb76caa-5ef3-4bfc-8753-cf745e5e63f6,false,2025-04-06 20:32:29.99007,2025-04-06 20:32:29.990572,https://maps.google.com/?q=كارفور-الزقازيق+City15
cb0e08a1-6bf7-4544-890e-5d4702e10ac2,مدينتى,فرع تجاري,مدينتى,01000000000,branch@test.com,retail,active,100.0,2022-01-01 00:00:00,7275b3f6-1e72-42d6-a80e-cd147ad02b17,9cd43b8c-5f85-4ffa-98fa-3b9a94d110c4,edb76caa-5ef3-4bfc-8753-cf745e5e63f6,false,2025-04-06 20:32:29.99007,2025-04-06 20:32:29.990572,https://maps.google.com/?q=مدينتى+City38
cb4f5858-4104-4fe9-a7fe-3cf134c479ad,مترو ماركت-جامعة القاهرة,فرع تجاري,مترو ماركت-جامعة القاهرة,01000000000,branch@test.com,retail,active,100.0,2022-01-01 00:00:00,7275b3f6-1e72-42d6-a80e-cd147ad02b17,9cd43b8c-5f85-4ffa-98fa-3b9a94d110c4,edb76caa-5ef3-4bfc-8753-cf745e5e63f6,false,2025-04-06 20:32:29.99007,2025-04-06 20:32:29.990572,https://maps.google.com/?q=مترو+ماركت-جامعة+القاهرة+City58
cc265819-76fb-41fe-bf07-eef572c9fe40,كفر عبده,فرع تجاري,كفر عبده,01000000000,branch@test.com,retail,active,100.0,2022-01-01 00:00:00,7275b3f6-1e72-42d6-a80e-cd147ad02b17,9cd43b8c-5f85-4ffa-98fa-3b9a94d110c4,edb76caa-5ef3-4bfc-8753-cf745e5e63f6,false,2025-04-06 20:32:29.99007,2025-04-06 20:32:29.990572,https://maps.google.com/?q=كفر+عبده+City34
cc4a8c79-266d-4953-bd90-7f71f4d5dac6,جوباص,فرع تجاري,جوباص,01000000000,branch@test.com,retail,active,100.0,2022-01-01 00:00:00,7275b3f6-1e72-42d6-a80e-cd147ad02b17,9cd43b8c-5f85-4ffa-98fa-3b9a94d110c4,edb76caa-5ef3-4bfc-8753-cf745e5e63f6,false,2025-04-06 20:32:29.99007,2025-04-06 20:32:29.990572,https://maps.google.com/?q=جوباص+City82
cce3693b-2e0f-42ba-8792-512b4eac57f4,بيست واي- سوبر ماركت,فرع تجاري,بيست واي- سوبر ماركت,01000000000,branch@test.com,retail,active,100.0,2022-01-01 00:00:00,7275b3f6-1e72-42d6-a80e-cd147ad02b17,9cd43b8c-5f85-4ffa-98fa-3b9a94d110c4,edb76caa-5ef3-4bfc-8753-cf745e5e63f6,false,2025-04-06 20:32:29.99007,2025-04-06 20:32:29.990572,https://maps.google.com/?q=بيست+واي-+سوبر+ماركت+City33
d0cb8959-75e6-4c67-a1f9-878f9fde313e,مترو ماركت-الهرم,فرع تجاري,مترو ماركت-الهرم,01000000000,branch@test.com,retail,active,100.0,2022-01-01 00:00:00,7275b3f6-1e72-42d6-a80e-cd147ad02b17,9cd43b8c-5f85-4ffa-98fa-3b9a94d110c4,edb76caa-5ef3-4bfc-8753-cf745e5e63f6,false,2025-04-06 20:32:29.99007,2025-04-06 20:32:29.990572,https://maps.google.com/?q=مترو+ماركت-الهرم+City54
d17572a9-dc00-428d-877d-ec2cd9e36cb2,مطار القاهرة T3-F,فرع تجاري,مطار القاهرة T3-F,01000000000,branch@test.com,retail,active,100.0,2022-01-01 00:00:00,7275b3f6-1e72-42d6-a80e-cd147ad02b17,9cd43b8c-5f85-4ffa-98fa-3b9a94d110c4,edb76caa-5ef3-4bfc-8753-cf745e5e63f6,false,2025-04-06 20:32:29.99007,2025-04-06 20:32:29.990572,https://maps.google.com/?q=مطار+القاهرة+T3-F+City98
d1b4ac2e-23a0-46d7-9121-64d344f4b5e8,كارفور-الغردقة 1,فرع تجاري,كارفور-الغردقة 1,01000000000,branch@test.com,retail,active,100.0,2022-01-01 00:00:00,7275b3f6-1e72-42d6-a80e-cd147ad02b17,9cd43b8c-5f85-4ffa-98fa-3b9a94d110c4,edb76caa-5ef3-4bfc-8753-cf745e5e63f6,false,2025-04-06 20:32:29.99007,2025-04-06 20:32:29.990572,https://maps.google.com/?q=كارفور-الغردقة+1+City88
d248d20a-fc45-49e8-b853-1b3035070b79,الساحل / الساحل الشمالي 3,فرع تجاري,زقاق مراسي,01000000000,branch@test.com,retail,active,100.0,2022-01-01 00:00:00,7275b3f6-1e72-42d6-a80e-cd147ad02b17,9cd43b8c-5f85-4ffa-98fa-3b9a94d110c4,edb76caa-5ef3-4bfc-8753-cf745e5e63f6,false,2025-04-06 20:32:29.99007,2025-04-06 20:32:29.990572,https://maps.google.com/?q=الساحل+/+الساحل+الشمالي+3+City59
d28664a5-4963-40f8-b01f-12c0717c03dd,هايبرالعاشر من رمضان,فرع تجاري,هايبرالعاشر من رمضان,01000000000,branch@test.com,retail,active,100.0,2022-01-01 00:00:00,7275b3f6-1e72-42d6-a80e-cd147ad02b17,9cd43b8c-5f85-4ffa-98fa-3b9a94d110c4,edb76caa-5ef3-4bfc-8753-cf745e5e63f6,false,2025-04-06 20:32:29.99007,2025-04-06 20:32:29.990572,https://maps.google.com/?q=هايبرالعاشر+من+رمضان+City49
d3ce3065-3512-4fc1-9095-5758d5966ada,كارفور-طرة الأسمنت,فرع تجاري,كارفور-طرة الأسمنت,01000000000,branch@test.com,retail,active,100.0,2022-01-01 00:00:00,7275b3f6-1e72-42d6-a80e-cd147ad02b17,9cd43b8c-5f85-4ffa-98fa-3b9a94d110c4,edb76caa-5ef3-4bfc-8753-cf745e5e63f6,false,2025-04-06 20:32:29.99007,2025-04-06 20:32:29.990572,https://maps.google.com/?q=كارفور-طرة+الأسمنت+City85
d43ecc7c-ae39-4122-819b-1505f06d3fdb,المنصورة-شارع قناة السويس,فرع تجاري,شارع قناة السويس بجانب وكالة المنصورة-الدقهلية-المنصورة,01000000000,branch@test.com,retail,active,100.0,2022-01-01 00:00:00,7275b3f6-1e72-42d6-a80e-cd147ad02b17,9cd43b8c-5f85-4ffa-98fa-3b9a94d110c4,edb76caa-5ef3-4bfc-8753-cf745e5e63f6,false,2025-04-06 20:32:29.99007,2025-04-06 20:32:29.990572,https://maps.google.com/?q=المنصورة-شارع+قناة+السويس+City54
d6b33d32-5ce8-4a8c-ace3-69fdb70324b3,سبينيس-الدهار,فرع تجاري,سبينيس-الدهار,01000000000,branch@test.com,retail,active,100.0,2022-01-01 00:00:00,7275b3f6-1e72-42d6-a80e-cd147ad02b17,9cd43b8c-5f85-4ffa-98fa-3b9a94d110c4,edb76caa-5ef3-4bfc-8753-cf745e5e63f6,false,2025-04-06 20:32:29.99007,2025-04-06 20:32:29.990572,https://maps.google.com/?q=سبينيس-الدهار+City2
da319cd9-3513-4326-a142-ff39dbd0e789,الساحل / الساحل الشمالي 8,فرع تجاري,صدف,01000000000,branch@test.com,retail,active,100.0,2022-01-01 00:00:00,7275b3f6-1e72-42d6-a80e-cd147ad02b17,9cd43b8c-5f85-4ffa-98fa-3b9a94d110c4,edb76caa-5ef3-4bfc-8753-cf745e5e63f6,false,2025-04-06 20:32:29.99007,2025-04-06 20:32:29.990572,https://maps.google.com/?q=الساحل+/+الساحل+الشمالي+8+City8
da726452-7bc9-4702-8c56-467c6051d2b2,Store 4,Test store,Cairo,0100040000,store4@test.com,Electronics,inactive,180.9,2025-04-06 12:38:12.667262,,,,false,2025-04-06 12:38:12.667262,2025-04-06 12:38:12.667262,
dade0db3-7cbe-41c7-838e-4de04f8bf5e1,"كارفور- جولف سيتي""العبور""",فرع تجاري,"كارفور- جولف سيتي""العبور""",01000000000,branch@test.com,retail,active,100.0,2022-01-01 00:00:00,7275b3f6-1e72-42d6-a80e-cd147ad02b17,9cd43b8c-5f85-4ffa-98fa-3b9a94d110c4,edb76caa-5ef3-4bfc-8753-cf745e5e63f6,false,2025-04-06 20:32:29.99007,2025-04-06 20:32:29.990572,"https://maps.google.com/?q=كارفور-+جولف+سيتي""العبور""+City57"
dc265aec-bf35-45b2-a859-e98f5dcd8831,المنصورة 2,فرع تجاري,شارع عبد السلام عارف - بجوار حى غرب المنصورة وحده رقم 1 الدور الارضى,01000000000,branch@test.com,retail,active,100.0,2022-01-01 00:00:00,7275b3f6-1e72-42d6-a80e-cd147ad02b17,9cd43b8c-5f85-4ffa-98fa-3b9a94d110c4,edb76caa-5ef3-4bfc-8753-cf745e5e63f6,false,2025-04-06 20:32:29.99007,2025-04-06 20:32:29.990572,https://maps.google.com/?q=المنصورة+2+City32
dc3075b1-ca66-44b8-a6ba-74e5d258dd02,مول طنطا,فرع تجاري,مول طنطا,01000000000,branch@test.com,retail,active,100.0,2022-01-01 00:00:00,7275b3f6-1e72-42d6-a80e-cd147ad02b17,9cd43b8c-5f85-4ffa-98fa-3b9a94d110c4,edb76caa-5ef3-4bfc-8753-cf745e5e63f6,false,2025-04-06 20:32:29.99007,2025-04-06 20:32:29.990572,https://maps.google.com/?q=مول+طنطا+City20
dc5820bc-c9ba-4136-841a-6b971563a646,محطة مصر 2,فرع تجاري,محطة مصر 2,01000000000,branch@test.com,retail,active,100.0,2022-01-01 00:00:00,7275b3f6-1e72-42d6-a80e-cd147ad02b17,9cd43b8c-5f85-4ffa-98fa-3b9a94d110c4,edb76caa-5ef3-4bfc-8753-cf745e5e63f6,false,2025-04-06 20:32:29.99007,2025-04-06 20:32:29.990572,https://maps.google.com/?q=محطة+مصر+2+City93
ddce55dd-3b42-4dce-b687-a4264038dc3b,كارفور-رويال بلازا,فرع تجاري,كارفور-رويال بلازا,01000000000,branch@test.com,retail,active,100.0,2022-01-01 00:00:00,7275b3f6-1e72-42d6-a80e-cd147ad02b17,9cd43b8c-5f85-4ffa-98fa-3b9a94d110c4,edb76caa-5ef3-4bfc-8753-cf745e5e63f6,false,2025-04-06 20:32:29.99007,2025-04-06 20:32:29.990572,https://maps.google.com/?q=كارفور-رويال+بلازا+City5
de7f947b-0678-427b-bee2-d3feb66a5594,سعودي ماركت – ووتر واي,فرع تجاري,سعودي ماركت – ووتر واي,01000000000,branch@test.com,retail,active,100.0,2022-01-01 00:00:00,7275b3f6-1e72-42d6-a80e-cd147ad02b17,9cd43b8c-5f85-4ffa-98fa-3b9a94d110c4,edb76caa-5ef3-4bfc-8753-cf745e5e63f6,false,2025-04-06 20:32:29.99007,2025-04-06 20:32:29.990572,https://maps.google.com/?q=سعودي+ماركت+–+ووتر+واي+City10
dfff0924-f429-4316-9843-320338c844d6,هايبر وان -أكتوبر(1),فرع تجاري,هايبر وان -أكتوبر(1),01000000000,branch@test.com,retail,active,100.0,2022-01-01 00:00:00,7275b3f6-1e72-42d6-a80e-cd147ad02b17,9cd43b8c-5f85-4ffa-98fa-3b9a94d110c4,edb76caa-5ef3-4bfc-8753-cf745e5e63f6,false,2025-04-06 20:32:29.99007,2025-04-06 20:32:29.990572,https://maps.google.com/?q=هايبر+وان+-أكتوبر(1)+City59
e15f6ac4-c2f9-48dc-a95e-04708ac4c81b,المعادى 50,فرع تجاري,شارع الخمسين زهراء المعادى بجوار كنتاكى و بنك QNB,01000000000,branch@test.com,retail,active,100.0,2022-01-01 00:00:00,7275b3f6-1e72-42d6-a80e-cd147ad02b17,9cd43b8c-5f85-4ffa-98fa-3b9a94d110c4,edb76caa-5ef3-4bfc-8753-cf745e5e63f6,false,2025-04-06 20:32:29.99007,2025-04-06 20:32:29.990572,https://maps.google.com/?q=المعادى+50+City13
e286f54a-4758-4afb-a5b1-6694b66d567b,واك أوف كايرو-الشيخ زايد,فرع تجاري,واك أوف كايرو-الشيخ زايد,01000000000,branch@test.com,retail,active,100.0,2022-01-01 00:00:00,7275b3f6-1e72-42d6-a80e-cd147ad02b17,9cd43b8c-5f85-4ffa-98fa-3b9a94d110c4,edb76caa-5ef3-4bfc-8753-cf745e5e63f6,false,2025-04-06 20:32:29.99007,2025-04-06 20:32:29.990572,https://maps.google.com/?q=واك+أوف+كايرو-الشيخ+زايد+City89
e548abda-a7bc-4e7b-a48b-3b4224717eac,مول العرب (الفود كورت),فرع تجاري,مول العرب (الفود كورت),01000000000,branch@test.com,retail,active,100.0,2022-01-01 00:00:00,7275b3f6-1e72-42d6-a80e-cd147ad02b17,9cd43b8c-5f85-4ffa-98fa-3b9a94d110c4,edb76caa-5ef3-4bfc-8753-cf745e5e63f6,false,2025-04-06 20:32:29.99007,2025-04-06 20:32:29.990572,https://maps.google.com/?q=مول+العرب+(الفود+كورت)+City41
e553bc72-ca83-432f-8820-dbf97a9dc5a2,نادي سموحة,فرع تجاري,نادي سموحة,01000000000,branch@test.com,retail,active,100.0,2022-01-01 00:00:00,7275b3f6-1e72-42d6-a80e-cd147ad02b17,9cd43b8c-5f85-4ffa-98fa-3b9a94d110c4,edb76caa-5ef3-4bfc-8753-cf745e5e63f6,false,2025-04-06 20:32:29.99007,2025-04-06 20:32:29.990572,https://maps.google.com/?q=نادي+سموحة+City95
e7edb023-ec65-4b7d-8043-47d1d898734e,أفينيو مول - الرحاب,فرع تجاري,"مول افينيو بجوار السجل المدني الدور الثاني , القاهرة الجديدة ، الرحاب ، القاهرة",01000000000,branch@test.com,retail,active,100.0,2022-01-01 00:00:00,7275b3f6-1e72-42d6-a80e-cd147ad02b17,9cd43b8c-5f85-4ffa-98fa-3b9a94d110c4,edb76caa-5ef3-4bfc-8753-cf745e5e63f6,false,2025-04-06 20:32:29.99007,2025-04-06 20:32:29.990572,https://maps.google.com/?q=أفينيو+مول+-+الرحاب+City67
e9a91088-27f4-4f62-9daa-6c8facef0d7c,لولو ماركت-القاهرة الجديدة,فرع تجاري,لولو ماركت-القاهرة الجديدة,01000000000,branch@test.com,retail,active,100.0,2022-01-01 00:00:00,7275b3f6-1e72-42d6-a80e-cd147ad02b17,9cd43b8c-5f85-4ffa-98fa-3b9a94d110c4,edb76caa-5ef3-4bfc-8753-cf745e5e63f6,false,2025-04-06 20:32:29.99007,2025-04-06 20:32:29.990572,https://maps.google.com/?q=لولو+ماركت-القاهرة+الجديدة+City10
eaf23dbe-335f-4cb6-8a55-d0801b5bd79a,سوبر ماركت Géant,فرع تجاري,سوبر ماركت Géant,01000000000,branch@test.com,retail,active,100.0,2022-01-01 00:00:00,7275b3f6-1e72-42d6-a80e-cd147ad02b17,9cd43b8c-5f85-4ffa-98fa-3b9a94d110c4,edb76caa-5ef3-4bfc-8753-cf745e5e63f6,false,2025-04-06 20:32:29.99007,2025-04-06 20:32:29.990572,https://maps.google.com/?q=سوبر+ماركت+Géant+City24
eb64e1cb-f99f-4ad2-b3fa-27d40126c45c,مترو ماركت-بانوراما مول,فرع تجاري,مترو ماركت-بانوراما مول,01000000000,branch@test.com,retail,active,100.0,2022-01-01 00:00:00,7275b3f6-1e72-42d6-a80e-cd147ad02b17,9cd43b8c-5f85-4ffa-98fa-3b9a94d110c4,edb76caa-5ef3-4bfc-8753-cf745e5e63f6,false,2025-04-06 20:32:29.99007,2025-04-06 20:32:29.990572,https://maps.google.com/?q=مترو+ماركت-بانوراما+مول+City20
ec135324-d254-47e9-8447-56b3070f7cdd,سعودي ماركت – بيفرلي هيلز,فرع تجاري,سعودي ماركت – بيفرلي هيلز,01000000000,branch@test.com,retail,active,100.0,2022-01-01 00:00:00,7275b3f6-1e72-42d6-a80e-cd147ad02b17,9cd43b8c-5f85-4ffa-98fa-3b9a94d110c4,edb76caa-5ef3-4bfc-8753-cf745e5e63f6,false,2025-04-06 20:32:29.99007,2025-04-06 20:32:29.990572,https://maps.google.com/?q=سعودي+ماركت+–+بيفرلي+هيلز+City100
ec2685bc-8766-4cec-b1d3-c132864847f3,الداون تاون مول,فرع تجاري,شارع التسعين، التجمع الخامس,01000000000,branch@test.com,retail,active,100.0,2022-01-01 00:00:00,7275b3f6-1e72-42d6-a80e-cd147ad02b17,9cd43b8c-5f85-4ffa-98fa-3b9a94d110c4,edb76caa-5ef3-4bfc-8753-cf745e5e63f6,false,2025-04-06 20:32:29.99007,2025-04-06 20:32:29.990572,https://maps.google.com/?q=الداون+تاون+مول+City43
eca66947-68a2-44a0-89f5-c892c88bcd78,سعودي ماركت-سيتي ستارز,فرع تجاري,سعودي ماركت-سيتي ستارز,01000000000,branch@test.com,retail,active,100.0,2022-01-01 00:00:00,7275b3f6-1e72-42d6-a80e-cd147ad02b17,9cd43b8c-5f85-4ffa-98fa-3b9a94d110c4,edb76caa-5ef3-4bfc-8753-cf745e5e63f6,false,2025-04-06 20:32:29.99007,2025-04-06 20:32:29.990572,https://maps.google.com/?q=سعودي+ماركت-سيتي+ستارز+City30
ed5de21f-49fe-48fd-948f-0eaf6647d6bd,كارفور-الغردقة 2,فرع تجاري,كارفور-الغردقة 2,01000000000,branch@test.com,retail,active,100.0,2022-01-01 00:00:00,7275b3f6-1e72-42d6-a80e-cd147ad02b17,9cd43b8c-5f85-4ffa-98fa-3b9a94d110c4,edb76caa-5ef3-4bfc-8753-cf745e5e63f6,false,2025-04-06 20:32:29.99007,2025-04-06 20:32:29.990572,https://maps.google.com/?q=كارفور-الغردقة+2+City61
edc02499-f94a-41d5-8518-883c594f9790,مترو ماركت-جامعة الدول,فرع تجاري,مترو ماركت-جامعة الدول,01000000000,branch@test.com,retail,active,100.0,2022-01-01 00:00:00,7275b3f6-1e72-42d6-a80e-cd147ad02b17,9cd43b8c-5f85-4ffa-98fa-3b9a94d110c4,edb76caa-5ef3-4bfc-8753-cf745e5e63f6,false,2025-04-06 20:32:29.99007,2025-04-06 20:32:29.990572,https://maps.google.com/?q=مترو+ماركت-جامعة+الدول+City28
f0bffd75-f35e-45bd-a491-aa9a5cec90ad,ألماظة افينيو,فرع تجاري,مول ألماظة أفينيو الجديد بجوار مستشفى مصر الطيران - هليوبوليس,01000000000,branch@test.com,retail,active,100.0,2022-01-01 00:00:00,7275b3f6-1e72-42d6-a80e-cd147ad02b17,9cd43b8c-5f85-4ffa-98fa-3b9a94d110c4,edb76caa-5ef3-4bfc-8753-cf745e5e63f6,false,2025-04-06 20:32:29.99007,2025-04-06 20:32:29.990572,https://maps.google.com/?q=ألماظة+افينيو+City32
f0c520d3-8411-4006-a68f-9d7291ba0a09,كارفور-طنطا,فرع تجاري,كارفور-طنطا,01000000000,branch@test.com,retail,active,100.0,2022-01-01 00:00:00,7275b3f6-1e72-42d6-a80e-cd147ad02b17,9cd43b8c-5f85-4ffa-98fa-3b9a94d110c4,edb76caa-5ef3-4bfc-8753-cf745e5e63f6,false,2025-04-06 20:32:29.99007,2025-04-06 20:32:29.990572,https://maps.google.com/?q=كارفور-طنطا+City26
f0d0ad3a-de18-4519-967d-f2ec409fca58,جامعة القاهرة,فرع تجاري,جامعة القاهرة,01000000000,branch@test.com,retail,active,100.0,2022-01-01 00:00:00,7275b3f6-1e72-42d6-a80e-cd147ad02b17,9cd43b8c-5f85-4ffa-98fa-3b9a94d110c4,edb76caa-5ef3-4bfc-8753-cf745e5e63f6,false,2025-04-06 20:32:29.99007,2025-04-06 20:32:29.990572,https://maps.google.com/?q=جامعة+القاهرة+City32
f2f91f86-86ab-40b8-aa98-78d14759635e,الساحل / الساحل الشمالي 4,فرع تجاري,محرك شمالي: من خلال,01000000000,branch@test.com,retail,active,100.0,2022-01-01 00:00:00,7275b3f6-1e72-42d6-a80e-cd147ad02b17,9cd43b8c-5f85-4ffa-98fa-3b9a94d110c4,edb76caa-5ef3-4bfc-8753-cf745e5e63f6,false,2025-04-06 20:32:29.99007,2025-04-06 20:32:29.990572,https://maps.google.com/?q=الساحل+/+الساحل+الشمالي+4+City27
f3e352f7-16f8-435d-a807-ebb677d93dea,هايبر وان -أكتوبر(3),فرع تجاري,هايبر وان -أكتوبر(3),01000000000,branch@test.com,retail,active,100.0,2022-01-01 00:00:00,7275b3f6-1e72-42d6-a80e-cd147ad02b17,9cd43b8c-5f85-4ffa-98fa-3b9a94d110c4,edb76caa-5ef3-4bfc-8753-cf745e5e63f6,false,2025-04-06 20:32:29.99007,2025-04-06 20:32:29.990572,https://maps.google.com/?q=هايبر+وان+-أكتوبر(3)+City96
f52c360b-6c73-4c62-91e8-634cb4b9be26,توين تاور-الشيخ زايد,فرع تجاري,توين تاور-الشيخ زايد,01000000000,branch@test.com,retail,active,100.0,2022-01-01 00:00:00,7275b3f6-1e72-42d6-a80e-cd147ad02b17,9cd43b8c-5f85-4ffa-98fa-3b9a94d110c4,edb76caa-5ef3-4bfc-8753-cf745e5e63f6,false,2025-04-06 20:32:29.99007,2025-04-06 20:32:29.990572,https://maps.google.com/?q=توين+تاور-الشيخ+زايد+City12
f541f750-822b-432b-ab4d-e16882d4b477,بنده مول-أكتوبر,فرع تجاري,بنده مول-أكتوبر,01000000000,branch@test.com,retail,active,100.0,2022-01-01 00:00:00,7275b3f6-1e72-42d6-a80e-cd147ad02b17,9cd43b8c-5f85-4ffa-98fa-3b9a94d110c4,edb76caa-5ef3-4bfc-8753-cf745e5e63f6,false,2025-04-06 20:32:29.99007,2025-04-06 20:32:29.990572,https://maps.google.com/?q=بنده+مول-أكتوبر+City15
f5d09c02-9e4f-455c-a639-5664c55fcf70,وطنية - المعادي,فرع تجاري,وطنية - المعادي,01000000000,branch@test.com,retail,active,100.0,2022-01-01 00:00:00,7275b3f6-1e72-42d6-a80e-cd147ad02b17,9cd43b8c-5f85-4ffa-98fa-3b9a94d110c4,edb76caa-5ef3-4bfc-8753-cf745e5e63f6,false,2025-04-06 20:32:29.99007,2025-04-06 20:32:29.990572,https://maps.google.com/?q=وطنية+-+المعادي+City39
f68d07dd-e821-4058-a1fc-0b58d7a68955,المناره,فرع تجاري,المركز الدولى للمؤتمرات محور المشير طنطاوى- منطقة المطاعم,01000000000,branch@test.com,retail,active,100.0,2022-01-01 00:00:00,7275b3f6-1e72-42d6-a80e-cd147ad02b17,9cd43b8c-5f85-4ffa-98fa-3b9a94d110c4,edb76caa-5ef3-4bfc-8753-cf745e5e63f6,false,2025-04-06 20:32:29.99007,2025-04-06 20:32:29.990572,https://maps.google.com/?q=المناره+City67
f9b8931b-b1b7-4d1f-9a50-439539df3aad,الكوربه,فرع تجاري,١٨ شارع نزيه خليفة، الكوربة، مصر الجديدة امام مستشفى الثورة بجوار بنك CIB,01000000000,branch@test.com,retail,active,100.0,2022-01-01 00:00:00,7275b3f6-1e72-42d6-a80e-cd147ad02b17,9cd43b8c-5f85-4ffa-98fa-3b9a94d110c4,edb76caa-5ef3-4bfc-8753-cf745e5e63f6,false,2025-04-06 20:32:29.99007,2025-04-06 20:32:29.990572,https://maps.google.com/?q=الكوربه+City77
fb27608b-8521-4b21-991c-a51f3ca788e1,كارفور-كفر عبده,فرع تجاري,كارفور-كفر عبده,01000000000,branch@test.com,retail,active,100.0,2022-01-01 00:00:00,7275b3f6-1e72-42d6-a80e-cd147ad02b17,9cd43b8c-5f85-4ffa-98fa-3b9a94d110c4,edb76caa-5ef3-4bfc-8753-cf745e5e63f6,false,2025-04-06 20:32:29.99007,2025-04-06 20:32:29.990572,https://maps.google.com/?q=كارفور-كفر+عبده+City5
fb7738c9-8108-4662-9bb7-17ac700203ec,سيتي سنتر ألماظة,فرع تجاري,سيتي سنتر ألماظة,01000000000,branch@test.com,retail,active,100.0,2022-01-01 00:00:00,7275b3f6-1e72-42d6-a80e-cd147ad02b17,9cd43b8c-5f85-4ffa-98fa-3b9a94d110c4,edb76caa-5ef3-4bfc-8753-cf745e5e63f6,false,2025-04-06 20:32:29.99007,2025-04-06 20:32:29.990572,https://maps.google.com/?q=سيتي+سنتر+ألماظة+City18
fb9e21a7-0063-464e-afd9-8de0337910c0,شيراتون هليوبوليس,فرع تجاري,شيراتون هليوبوليس,01000000000,branch@test.com,retail,active,100.0,2022-01-01 00:00:00,7275b3f6-1e72-42d6-a80e-cd147ad02b17,9cd43b8c-5f85-4ffa-98fa-3b9a94d110c4,edb76caa-5ef3-4bfc-8753-cf745e5e63f6,false,2025-04-06 20:32:29.99007,2025-04-06 20:32:29.990572,https://maps.google.com/?q=شيراتون+هليوبوليس+City88
fd7407c0-6c5f-410f-b04c-8c211b25c92a,الساحل / الساحل الشمالي 5,فرع تجاري,هاسيندا وايت,01000000000,branch@test.com,retail,active,100.0,2022-01-01 00:00:00,7275b3f6-1e72-42d6-a80e-cd147ad02b17,9cd43b8c-5f85-4ffa-98fa-3b9a94d110c4,edb76caa-5ef3-4bfc-8753-cf745e5e63f6,false,2025-04-06 20:32:29.99007,2025-04-06 20:32:29.990572,https://maps.google.com/?q=الساحل+/+الساحل+الشمالي+5+City10
ff5def93-d61c-4013-aba0-7e01ea4b5d64,كارفور-سيتي لايت,فرع تجاري,كارفور-سيتي لايت,01000000000,branch@test.com,retail,active,100.0,2022-01-01 00:00:00,7275b3f6-1e72-42d6-a80e-cd147ad02b17,9cd43b8c-5f85-4ffa-98fa-3b9a94d110c4,edb76caa-5ef3-4bfc-8753-cf745e5e63f6,false,2025-04-06 20:32:29.99007,2025-04-06 20:32:29.990572,https://maps.google.com/?q=كارفور-سيتي+لايت+City19